[23-Sep-2025 06:48:48 UTC] PHP Warning:  Undefined array key 1 in /Users/tusharkaw/Downloads/GnosPedia/extensions/CreateWiki/includes/WikiInitialize.php on line 147
[23-Sep-2025 06:48:48 UTC] PHP Deprecated:  Use of MediaWiki\Config\SiteConfiguration::extractAllGlobals with null $wiki was deprecated in MediaWiki 1.44. [Called from require_once in /Users/tusharkaw/Downloads/GnosPedia/LocalSettings.php at line 272] in /Users/tusharkaw/Downloads/GnosPedia/includes/debug/MWDebug.php on line 386
[23-Sep-2025 06:48:48 UTC] PHP Deprecated:  Use of MediaWiki\Config\SiteConfiguration::extractAllGlobals with non-string $wiki was deprecated in MediaWiki 1.44. [Called from require_once in /Users/tusharkaw/Downloads/GnosPedia/LocalSettings.php at line 272] in /Users/tusharkaw/Downloads/GnosPedia/includes/debug/MWDebug.php on line 386
[23-Sep-2025 06:53:57 UTC] PHP Warning:  Undefined array key 1 in /Users/tusharkaw/Downloads/GnosPedia/extensions/CreateWiki/includes/WikiInitialize.php on line 147
[23-Sep-2025 06:53:57 UTC] PHP Deprecated:  Use of MediaWiki\Config\SiteConfiguration::extractAllGlobals with null $wiki was deprecated in MediaWiki 1.44. [Called from require_once in /Users/tusharkaw/Downloads/GnosPedia/LocalSettings.php at line 275] in /Users/tusharkaw/Downloads/GnosPedia/includes/debug/MWDebug.php on line 386
[23-Sep-2025 06:53:57 UTC] PHP Deprecated:  Use of MediaWiki\Config\SiteConfiguration::extractAllGlobals with non-string $wiki was deprecated in MediaWiki 1.44. [Called from require_once in /Users/tusharkaw/Downloads/GnosPedia/LocalSettings.php at line 275] in /Users/tusharkaw/Downloads/GnosPedia/includes/debug/MWDebug.php on line 386
[23-Sep-2025 06:55:07 UTC] PHP Warning:  Undefined array key 1 in /Users/tusharkaw/Downloads/GnosPedia/extensions/CreateWiki/includes/WikiInitialize.php on line 147
[23-Sep-2025 06:55:07 UTC] PHP Deprecated:  Use of MediaWiki\Config\SiteConfiguration::extractAllGlobals with null $wiki was deprecated in MediaWiki 1.44. [Called from require_once in /Users/tusharkaw/Downloads/GnosPedia/LocalSettings.php at line 275] in /Users/tusharkaw/Downloads/GnosPedia/includes/debug/MWDebug.php on line 386
[23-Sep-2025 06:55:07 UTC] PHP Deprecated:  Use of MediaWiki\Config\SiteConfiguration::extractAllGlobals with non-string $wiki was deprecated in MediaWiki 1.44. [Called from require_once in /Users/tusharkaw/Downloads/GnosPedia/LocalSettings.php at line 275] in /Users/tusharkaw/Downloads/GnosPedia/includes/debug/MWDebug.php on line 386
[23-Sep-2025 06:58:48 UTC] PHP Warning:  Undefined array key "load" in /Users/tusharkaw/Downloads/GnosPedia/includes/libs/rdbms/loadbalancer/LoadBalancer.php on line 177
[23-Sep-2025 06:58:48 UTC] PHP Warning:  Undefined array key "load" in /Users/tusharkaw/Downloads/GnosPedia/includes/libs/rdbms/loadbalancer/LoadBalancer.php on line 177
[23-Sep-2025 06:58:53 UTC] PHP Warning:  Undefined array key "load" in /Users/tusharkaw/Downloads/GnosPedia/includes/libs/rdbms/loadbalancer/LoadBalancer.php on line 177
[23-Sep-2025 06:59:37 UTC] PHP Warning:  Undefined array key 1 in /Users/tusharkaw/Downloads/GnosPedia/extensions/CreateWiki/includes/WikiInitialize.php on line 147
[23-Sep-2025 06:59:37 UTC] PHP Deprecated:  Use of MediaWiki\Config\SiteConfiguration::extractAllGlobals with null $wiki was deprecated in MediaWiki 1.44. [Called from require_once in /Users/tusharkaw/Downloads/GnosPedia/LocalSettings.php at line 276] in /Users/tusharkaw/Downloads/GnosPedia/includes/debug/MWDebug.php on line 386
[23-Sep-2025 06:59:37 UTC] PHP Deprecated:  Use of MediaWiki\Config\SiteConfiguration::extractAllGlobals with non-string $wiki was deprecated in MediaWiki 1.44. [Called from require_once in /Users/tusharkaw/Downloads/GnosPedia/LocalSettings.php at line 276] in /Users/tusharkaw/Downloads/GnosPedia/includes/debug/MWDebug.php on line 386
[23-Sep-2025 06:59:45 UTC] PHP Warning:  Undefined array key 1 in /Users/tusharkaw/Downloads/GnosPedia/extensions/CreateWiki/includes/WikiInitialize.php on line 147
[23-Sep-2025 06:59:45 UTC] PHP Deprecated:  Use of MediaWiki\Config\SiteConfiguration::extractAllGlobals with null $wiki was deprecated in MediaWiki 1.44. [Called from require_once in /Users/tusharkaw/Downloads/GnosPedia/LocalSettings.php at line 276] in /Users/tusharkaw/Downloads/GnosPedia/includes/debug/MWDebug.php on line 386
[23-Sep-2025 06:59:45 UTC] PHP Deprecated:  Use of MediaWiki\Config\SiteConfiguration::extractAllGlobals with non-string $wiki was deprecated in MediaWiki 1.44. [Called from require_once in /Users/tusharkaw/Downloads/GnosPedia/LocalSettings.php at line 276] in /Users/tusharkaw/Downloads/GnosPedia/includes/debug/MWDebug.php on line 386
[23-Sep-2025 06:59:50 UTC] PHP Warning:  Undefined array key 1 in /Users/tusharkaw/Downloads/GnosPedia/extensions/CreateWiki/includes/WikiInitialize.php on line 147
[23-Sep-2025 06:59:50 UTC] PHP Deprecated:  Use of MediaWiki\Config\SiteConfiguration::extractAllGlobals with null $wiki was deprecated in MediaWiki 1.44. [Called from require_once in /Users/tusharkaw/Downloads/GnosPedia/LocalSettings.php at line 276] in /Users/tusharkaw/Downloads/GnosPedia/includes/debug/MWDebug.php on line 386
[23-Sep-2025 06:59:50 UTC] PHP Deprecated:  Use of MediaWiki\Config\SiteConfiguration::extractAllGlobals with non-string $wiki was deprecated in MediaWiki 1.44. [Called from require_once in /Users/tusharkaw/Downloads/GnosPedia/LocalSettings.php at line 276] in /Users/tusharkaw/Downloads/GnosPedia/includes/debug/MWDebug.php on line 386
[23-Sep-2025 07:02:02 UTC] PHP Warning:  Undefined array key 1 in /Users/tusharkaw/Downloads/GnosPedia/extensions/CreateWiki/includes/WikiInitialize.php on line 147
[23-Sep-2025 07:02:02 UTC] PHP Deprecated:  Use of MediaWiki\Config\SiteConfiguration::extractAllGlobals with null $wiki was deprecated in MediaWiki 1.44. [Called from require_once in /Users/tusharkaw/Downloads/GnosPedia/LocalSettings.php at line 276] in /Users/tusharkaw/Downloads/GnosPedia/includes/debug/MWDebug.php on line 386
[23-Sep-2025 07:02:02 UTC] PHP Deprecated:  Use of MediaWiki\Config\SiteConfiguration::extractAllGlobals with non-string $wiki was deprecated in MediaWiki 1.44. [Called from require_once in /Users/tusharkaw/Downloads/GnosPedia/LocalSettings.php at line 276] in /Users/tusharkaw/Downloads/GnosPedia/includes/debug/MWDebug.php on line 386
[23-Sep-2025 07:02:09 UTC] PHP Warning:  Undefined array key 1 in /Users/tusharkaw/Downloads/GnosPedia/extensions/CreateWiki/includes/WikiInitialize.php on line 147
[23-Sep-2025 07:02:09 UTC] PHP Deprecated:  Use of MediaWiki\Config\SiteConfiguration::extractAllGlobals with null $wiki was deprecated in MediaWiki 1.44. [Called from require_once in /Users/tusharkaw/Downloads/GnosPedia/LocalSettings.php at line 276] in /Users/tusharkaw/Downloads/GnosPedia/includes/debug/MWDebug.php on line 386
[23-Sep-2025 07:02:09 UTC] PHP Deprecated:  Use of MediaWiki\Config\SiteConfiguration::extractAllGlobals with non-string $wiki was deprecated in MediaWiki 1.44. [Called from require_once in /Users/tusharkaw/Downloads/GnosPedia/LocalSettings.php at line 276] in /Users/tusharkaw/Downloads/GnosPedia/includes/debug/MWDebug.php on line 386
[23-Sep-2025 07:02:39 UTC] PHP Warning:  Undefined array key 1 in /Users/tusharkaw/Downloads/GnosPedia/extensions/CreateWiki/includes/WikiInitialize.php on line 147
[23-Sep-2025 07:02:39 UTC] PHP Deprecated:  Use of MediaWiki\Config\SiteConfiguration::extractAllGlobals with null $wiki was deprecated in MediaWiki 1.44. [Called from require_once in /Users/tusharkaw/Downloads/GnosPedia/LocalSettings.php at line 276] in /Users/tusharkaw/Downloads/GnosPedia/includes/debug/MWDebug.php on line 386
[23-Sep-2025 07:02:39 UTC] PHP Deprecated:  Use of MediaWiki\Config\SiteConfiguration::extractAllGlobals with non-string $wiki was deprecated in MediaWiki 1.44. [Called from require_once in /Users/tusharkaw/Downloads/GnosPedia/LocalSettings.php at line 276] in /Users/tusharkaw/Downloads/GnosPedia/includes/debug/MWDebug.php on line 386
[23-Sep-2025 07:03:11 UTC] PHP Warning:  Undefined array key 1 in /Users/tusharkaw/Downloads/GnosPedia/extensions/CreateWiki/includes/WikiInitialize.php on line 147
[23-Sep-2025 07:03:11 UTC] PHP Deprecated:  Use of MediaWiki\Config\SiteConfiguration::extractAllGlobals with null $wiki was deprecated in MediaWiki 1.44. [Called from require in /Users/tusharkaw/Downloads/GnosPedia/LocalSettings.php at line 276] in /Users/tusharkaw/Downloads/GnosPedia/includes/debug/MWDebug.php on line 386
[23-Sep-2025 07:03:11 UTC] PHP Deprecated:  Use of MediaWiki\Config\SiteConfiguration::extractAllGlobals with non-string $wiki was deprecated in MediaWiki 1.44. [Called from require in /Users/tusharkaw/Downloads/GnosPedia/LocalSettings.php at line 276] in /Users/tusharkaw/Downloads/GnosPedia/includes/debug/MWDebug.php on line 386
[23-Sep-2025 07:04:10 UTC] PHP Warning:  Undefined array key 1 in /Users/tusharkaw/Downloads/GnosPedia/extensions/CreateWiki/includes/WikiInitialize.php on line 147
[23-Sep-2025 07:04:10 UTC] PHP Deprecated:  Use of MediaWiki\Config\SiteConfiguration::extractAllGlobals with null $wiki was deprecated in MediaWiki 1.44. [Called from require_once in /Users/tusharkaw/Downloads/GnosPedia/LocalSettings.php at line 276] in /Users/tusharkaw/Downloads/GnosPedia/includes/debug/MWDebug.php on line 386
[23-Sep-2025 07:04:10 UTC] PHP Deprecated:  Use of MediaWiki\Config\SiteConfiguration::extractAllGlobals with non-string $wiki was deprecated in MediaWiki 1.44. [Called from require_once in /Users/tusharkaw/Downloads/GnosPedia/LocalSettings.php at line 276] in /Users/tusharkaw/Downloads/GnosPedia/includes/debug/MWDebug.php on line 386
[23-Sep-2025 07:06:47 UTC] PHP Warning:  Undefined array key 1 in /Users/tusharkaw/Downloads/GnosPedia/extensions/CreateWiki/includes/WikiInitialize.php on line 147
[23-Sep-2025 07:06:47 UTC] PHP Deprecated:  Use of MediaWiki\Config\SiteConfiguration::extractAllGlobals with null $wiki was deprecated in MediaWiki 1.44. [Called from require_once in /Users/tusharkaw/Downloads/GnosPedia/LocalSettings.php at line 276] in /Users/tusharkaw/Downloads/GnosPedia/includes/debug/MWDebug.php on line 386
[23-Sep-2025 07:06:47 UTC] PHP Deprecated:  Use of MediaWiki\Config\SiteConfiguration::extractAllGlobals with non-string $wiki was deprecated in MediaWiki 1.44. [Called from require_once in /Users/tusharkaw/Downloads/GnosPedia/LocalSettings.php at line 276] in /Users/tusharkaw/Downloads/GnosPedia/includes/debug/MWDebug.php on line 386
[25-Sep-2025 06:48:26 UTC] PHP Notice:  Did not find alias for special page 'Notifications'. Perhaps no aliases are defined for it? [Called from MediaWiki\SpecialPage\SpecialPageFactory::getLocalNameFor in /Users/tusharkaw/Downloads/GnosPedia/includes/specialpage/SpecialPageFactory.php at line 1859] in /Users/tusharkaw/Downloads/GnosPedia/includes/debug/MWDebug.php on line 499
[25-Sep-2025 06:48:26 UTC] PHP Notice:  Found alias defined for Mypage when searching for special page aliases for MyPage. Case mismatch? [Called from MediaWiki\SpecialPage\SpecialPageFactory::getLocalNameFor in /Users/tusharkaw/Downloads/GnosPedia/includes/specialpage/SpecialPageFactory.php at line 1852] in /Users/tusharkaw/Downloads/GnosPedia/includes/debug/MWDebug.php on line 499
[25-Sep-2025 06:48:26 UTC] PHP Notice:  Did not find alias for special page 'AbuseFilter'. Perhaps no aliases are defined for it? [Called from MediaWiki\SpecialPage\SpecialPageFactory::getLocalNameFor in /Users/tusharkaw/Downloads/GnosPedia/includes/specialpage/SpecialPageFactory.php at line 1859] in /Users/tusharkaw/Downloads/GnosPedia/includes/debug/MWDebug.php on line 499
[25-Sep-2025 06:48:26 UTC] PHP Notice:  Did not find alias for special page 'Chat'. Perhaps no aliases are defined for it? [Called from MediaWiki\SpecialPage\SpecialPageFactory::getLocalNameFor in /Users/tusharkaw/Downloads/GnosPedia/includes/specialpage/SpecialPageFactory.php at line 1859] in /Users/tusharkaw/Downloads/GnosPedia/includes/debug/MWDebug.php on line 499
[25-Sep-2025 06:48:26 UTC] PHP Notice:  Did not find alias for special page 'Gadgets'. Perhaps no aliases are defined for it? [Called from MediaWiki\SpecialPage\SpecialPageFactory::getLocalNameFor in /Users/tusharkaw/Downloads/GnosPedia/includes/specialpage/SpecialPageFactory.php at line 1859] in /Users/tusharkaw/Downloads/GnosPedia/includes/debug/MWDebug.php on line 499
[25-Sep-2025 06:48:26 UTC] PHP Notice:  Did not find alias for special page 'Translate'. Perhaps no aliases are defined for it? [Called from MediaWiki\SpecialPage\SpecialPageFactory::getLocalNameFor in /Users/tusharkaw/Downloads/GnosPedia/includes/specialpage/SpecialPageFactory.php at line 1859] in /Users/tusharkaw/Downloads/GnosPedia/includes/debug/MWDebug.php on line 499
[25-Sep-2025 06:48:26 UTC] PHP Notice:  Did not find alias for special page 'CreatePage'. Perhaps no aliases are defined for it? [Called from MediaWiki\SpecialPage\SpecialPageFactory::getLocalNameFor in /Users/tusharkaw/Downloads/GnosPedia/includes/specialpage/SpecialPageFactory.php at line 1859] in /Users/tusharkaw/Downloads/GnosPedia/includes/debug/MWDebug.php on line 499
[25-Sep-2025 06:48:26 UTC] PHP Notice:  Did not find alias for special page 'Contact'. Perhaps no aliases are defined for it? [Called from MediaWiki\SpecialPage\SpecialPageFactory::getLocalNameFor in /Users/tusharkaw/Downloads/GnosPedia/includes/specialpage/SpecialPageFactory.php at line 1859] in /Users/tusharkaw/Downloads/GnosPedia/includes/debug/MWDebug.php on line 499
[25-Sep-2025 06:48:26 UTC] PHP Fatal error:  Allowed memory size of 134217728 bytes exhausted (tried to allocate 57344 bytes) in /Users/tusharkaw/Downloads/GnosPedia/vendor/zordius/lightncandy/src/Validator.php on line 39
[25-Sep-2025 06:53:23 UTC] PHP Notice:  Did not find alias for special page 'Notifications'. Perhaps no aliases are defined for it? [Called from MediaWiki\SpecialPage\SpecialPageFactory::getLocalNameFor in /Users/tusharkaw/Downloads/GnosPedia/includes/specialpage/SpecialPageFactory.php at line 1859] in /Users/tusharkaw/Downloads/GnosPedia/includes/debug/MWDebug.php on line 499
[25-Sep-2025 06:53:23 UTC] PHP Notice:  Found alias defined for Mypage when searching for special page aliases for MyPage. Case mismatch? [Called from MediaWiki\SpecialPage\SpecialPageFactory::getLocalNameFor in /Users/tusharkaw/Downloads/GnosPedia/includes/specialpage/SpecialPageFactory.php at line 1852] in /Users/tusharkaw/Downloads/GnosPedia/includes/debug/MWDebug.php on line 499
[25-Sep-2025 06:53:23 UTC] PHP Notice:  Did not find alias for special page 'AbuseFilter'. Perhaps no aliases are defined for it? [Called from MediaWiki\SpecialPage\SpecialPageFactory::getLocalNameFor in /Users/tusharkaw/Downloads/GnosPedia/includes/specialpage/SpecialPageFactory.php at line 1859] in /Users/tusharkaw/Downloads/GnosPedia/includes/debug/MWDebug.php on line 499
[25-Sep-2025 06:53:23 UTC] PHP Notice:  Did not find alias for special page 'Chat'. Perhaps no aliases are defined for it? [Called from MediaWiki\SpecialPage\SpecialPageFactory::getLocalNameFor in /Users/tusharkaw/Downloads/GnosPedia/includes/specialpage/SpecialPageFactory.php at line 1859] in /Users/tusharkaw/Downloads/GnosPedia/includes/debug/MWDebug.php on line 499
[25-Sep-2025 06:53:23 UTC] PHP Notice:  Did not find alias for special page 'Gadgets'. Perhaps no aliases are defined for it? [Called from MediaWiki\SpecialPage\SpecialPageFactory::getLocalNameFor in /Users/tusharkaw/Downloads/GnosPedia/includes/specialpage/SpecialPageFactory.php at line 1859] in /Users/tusharkaw/Downloads/GnosPedia/includes/debug/MWDebug.php on line 499
[25-Sep-2025 06:53:23 UTC] PHP Notice:  Did not find alias for special page 'Translate'. Perhaps no aliases are defined for it? [Called from MediaWiki\SpecialPage\SpecialPageFactory::getLocalNameFor in /Users/tusharkaw/Downloads/GnosPedia/includes/specialpage/SpecialPageFactory.php at line 1859] in /Users/tusharkaw/Downloads/GnosPedia/includes/debug/MWDebug.php on line 499
[25-Sep-2025 06:53:23 UTC] PHP Notice:  Did not find alias for special page 'CreatePage'. Perhaps no aliases are defined for it? [Called from MediaWiki\SpecialPage\SpecialPageFactory::getLocalNameFor in /Users/tusharkaw/Downloads/GnosPedia/includes/specialpage/SpecialPageFactory.php at line 1859] in /Users/tusharkaw/Downloads/GnosPedia/includes/debug/MWDebug.php on line 499
[25-Sep-2025 06:53:23 UTC] PHP Notice:  Did not find alias for special page 'Contact'. Perhaps no aliases are defined for it? [Called from MediaWiki\SpecialPage\SpecialPageFactory::getLocalNameFor in /Users/tusharkaw/Downloads/GnosPedia/includes/specialpage/SpecialPageFactory.php at line 1859] in /Users/tusharkaw/Downloads/GnosPedia/includes/debug/MWDebug.php on line 499
[25-Sep-2025 06:53:35 UTC] PHP Notice:  Did not find alias for special page 'Notifications'. Perhaps no aliases are defined for it? [Called from MediaWiki\SpecialPage\SpecialPageFactory::getLocalNameFor in /Users/tusharkaw/Downloads/GnosPedia/includes/specialpage/SpecialPageFactory.php at line 1859] in /Users/tusharkaw/Downloads/GnosPedia/includes/debug/MWDebug.php on line 499
[25-Sep-2025 06:53:35 UTC] PHP Notice:  Found alias defined for Mypage when searching for special page aliases for MyPage. Case mismatch? [Called from MediaWiki\SpecialPage\SpecialPageFactory::getLocalNameFor in /Users/tusharkaw/Downloads/GnosPedia/includes/specialpage/SpecialPageFactory.php at line 1852] in /Users/tusharkaw/Downloads/GnosPedia/includes/debug/MWDebug.php on line 499
[25-Sep-2025 06:53:35 UTC] PHP Notice:  Did not find alias for special page 'AbuseFilter'. Perhaps no aliases are defined for it? [Called from MediaWiki\SpecialPage\SpecialPageFactory::getLocalNameFor in /Users/tusharkaw/Downloads/GnosPedia/includes/specialpage/SpecialPageFactory.php at line 1859] in /Users/tusharkaw/Downloads/GnosPedia/includes/debug/MWDebug.php on line 499
[25-Sep-2025 06:53:35 UTC] PHP Notice:  Did not find alias for special page 'Chat'. Perhaps no aliases are defined for it? [Called from MediaWiki\SpecialPage\SpecialPageFactory::getLocalNameFor in /Users/tusharkaw/Downloads/GnosPedia/includes/specialpage/SpecialPageFactory.php at line 1859] in /Users/tusharkaw/Downloads/GnosPedia/includes/debug/MWDebug.php on line 499
[25-Sep-2025 06:53:35 UTC] PHP Notice:  Did not find alias for special page 'Gadgets'. Perhaps no aliases are defined for it? [Called from MediaWiki\SpecialPage\SpecialPageFactory::getLocalNameFor in /Users/tusharkaw/Downloads/GnosPedia/includes/specialpage/SpecialPageFactory.php at line 1859] in /Users/tusharkaw/Downloads/GnosPedia/includes/debug/MWDebug.php on line 499
[25-Sep-2025 06:53:35 UTC] PHP Notice:  Did not find alias for special page 'Translate'. Perhaps no aliases are defined for it? [Called from MediaWiki\SpecialPage\SpecialPageFactory::getLocalNameFor in /Users/tusharkaw/Downloads/GnosPedia/includes/specialpage/SpecialPageFactory.php at line 1859] in /Users/tusharkaw/Downloads/GnosPedia/includes/debug/MWDebug.php on line 499
[25-Sep-2025 06:53:35 UTC] PHP Notice:  Did not find alias for special page 'CreatePage'. Perhaps no aliases are defined for it? [Called from MediaWiki\SpecialPage\SpecialPageFactory::getLocalNameFor in /Users/tusharkaw/Downloads/GnosPedia/includes/specialpage/SpecialPageFactory.php at line 1859] in /Users/tusharkaw/Downloads/GnosPedia/includes/debug/MWDebug.php on line 499
[25-Sep-2025 06:53:35 UTC] PHP Notice:  Did not find alias for special page 'Contact'. Perhaps no aliases are defined for it? [Called from MediaWiki\SpecialPage\SpecialPageFactory::getLocalNameFor in /Users/tusharkaw/Downloads/GnosPedia/includes/specialpage/SpecialPageFactory.php at line 1859] in /Users/tusharkaw/Downloads/GnosPedia/includes/debug/MWDebug.php on line 499
[25-Sep-2025 06:53:36 UTC] PHP Notice:  Did not find alias for special page 'Notifications'. Perhaps no aliases are defined for it? [Called from MediaWiki\SpecialPage\SpecialPageFactory::getLocalNameFor in /Users/tusharkaw/Downloads/GnosPedia/includes/specialpage/SpecialPageFactory.php at line 1859] in /Users/tusharkaw/Downloads/GnosPedia/includes/debug/MWDebug.php on line 499
[25-Sep-2025 06:53:36 UTC] PHP Notice:  Found alias defined for Mypage when searching for special page aliases for MyPage. Case mismatch? [Called from MediaWiki\SpecialPage\SpecialPageFactory::getLocalNameFor in /Users/tusharkaw/Downloads/GnosPedia/includes/specialpage/SpecialPageFactory.php at line 1852] in /Users/tusharkaw/Downloads/GnosPedia/includes/debug/MWDebug.php on line 499
[25-Sep-2025 06:53:36 UTC] PHP Notice:  Did not find alias for special page 'AbuseFilter'. Perhaps no aliases are defined for it? [Called from MediaWiki\SpecialPage\SpecialPageFactory::getLocalNameFor in /Users/tusharkaw/Downloads/GnosPedia/includes/specialpage/SpecialPageFactory.php at line 1859] in /Users/tusharkaw/Downloads/GnosPedia/includes/debug/MWDebug.php on line 499
[25-Sep-2025 06:53:36 UTC] PHP Notice:  Did not find alias for special page 'Chat'. Perhaps no aliases are defined for it? [Called from MediaWiki\SpecialPage\SpecialPageFactory::getLocalNameFor in /Users/tusharkaw/Downloads/GnosPedia/includes/specialpage/SpecialPageFactory.php at line 1859] in /Users/tusharkaw/Downloads/GnosPedia/includes/debug/MWDebug.php on line 499
[25-Sep-2025 06:53:36 UTC] PHP Notice:  Did not find alias for special page 'Gadgets'. Perhaps no aliases are defined for it? [Called from MediaWiki\SpecialPage\SpecialPageFactory::getLocalNameFor in /Users/tusharkaw/Downloads/GnosPedia/includes/specialpage/SpecialPageFactory.php at line 1859] in /Users/tusharkaw/Downloads/GnosPedia/includes/debug/MWDebug.php on line 499
[25-Sep-2025 06:53:36 UTC] PHP Notice:  Did not find alias for special page 'Translate'. Perhaps no aliases are defined for it? [Called from MediaWiki\SpecialPage\SpecialPageFactory::getLocalNameFor in /Users/tusharkaw/Downloads/GnosPedia/includes/specialpage/SpecialPageFactory.php at line 1859] in /Users/tusharkaw/Downloads/GnosPedia/includes/debug/MWDebug.php on line 499
[25-Sep-2025 06:53:36 UTC] PHP Notice:  Did not find alias for special page 'CreatePage'. Perhaps no aliases are defined for it? [Called from MediaWiki\SpecialPage\SpecialPageFactory::getLocalNameFor in /Users/tusharkaw/Downloads/GnosPedia/includes/specialpage/SpecialPageFactory.php at line 1859] in /Users/tusharkaw/Downloads/GnosPedia/includes/debug/MWDebug.php on line 499
[25-Sep-2025 06:53:36 UTC] PHP Notice:  Did not find alias for special page 'Contact'. Perhaps no aliases are defined for it? [Called from MediaWiki\SpecialPage\SpecialPageFactory::getLocalNameFor in /Users/tusharkaw/Downloads/GnosPedia/includes/specialpage/SpecialPageFactory.php at line 1859] in /Users/tusharkaw/Downloads/GnosPedia/includes/debug/MWDebug.php on line 499
[25-Sep-2025 06:54:35 UTC] PHP Notice:  Did not find alias for special page 'Notifications'. Perhaps no aliases are defined for it? [Called from MediaWiki\SpecialPage\SpecialPageFactory::getLocalNameFor in /Users/tusharkaw/Downloads/GnosPedia/includes/specialpage/SpecialPageFactory.php at line 1859] in /Users/tusharkaw/Downloads/GnosPedia/includes/debug/MWDebug.php on line 499
[25-Sep-2025 06:54:35 UTC] PHP Notice:  Found alias defined for Mypage when searching for special page aliases for MyPage. Case mismatch? [Called from MediaWiki\SpecialPage\SpecialPageFactory::getLocalNameFor in /Users/tusharkaw/Downloads/GnosPedia/includes/specialpage/SpecialPageFactory.php at line 1852] in /Users/tusharkaw/Downloads/GnosPedia/includes/debug/MWDebug.php on line 499
[25-Sep-2025 06:54:35 UTC] PHP Notice:  Did not find alias for special page 'AbuseFilter'. Perhaps no aliases are defined for it? [Called from MediaWiki\SpecialPage\SpecialPageFactory::getLocalNameFor in /Users/tusharkaw/Downloads/GnosPedia/includes/specialpage/SpecialPageFactory.php at line 1859] in /Users/tusharkaw/Downloads/GnosPedia/includes/debug/MWDebug.php on line 499
[25-Sep-2025 06:54:35 UTC] PHP Notice:  Did not find alias for special page 'Chat'. Perhaps no aliases are defined for it? [Called from MediaWiki\SpecialPage\SpecialPageFactory::getLocalNameFor in /Users/tusharkaw/Downloads/GnosPedia/includes/specialpage/SpecialPageFactory.php at line 1859] in /Users/tusharkaw/Downloads/GnosPedia/includes/debug/MWDebug.php on line 499
[25-Sep-2025 06:54:35 UTC] PHP Notice:  Did not find alias for special page 'Gadgets'. Perhaps no aliases are defined for it? [Called from MediaWiki\SpecialPage\SpecialPageFactory::getLocalNameFor in /Users/tusharkaw/Downloads/GnosPedia/includes/specialpage/SpecialPageFactory.php at line 1859] in /Users/tusharkaw/Downloads/GnosPedia/includes/debug/MWDebug.php on line 499
[25-Sep-2025 06:54:35 UTC] PHP Notice:  Did not find alias for special page 'Translate'. Perhaps no aliases are defined for it? [Called from MediaWiki\SpecialPage\SpecialPageFactory::getLocalNameFor in /Users/tusharkaw/Downloads/GnosPedia/includes/specialpage/SpecialPageFactory.php at line 1859] in /Users/tusharkaw/Downloads/GnosPedia/includes/debug/MWDebug.php on line 499
[25-Sep-2025 06:54:35 UTC] PHP Notice:  Did not find alias for special page 'CreatePage'. Perhaps no aliases are defined for it? [Called from MediaWiki\SpecialPage\SpecialPageFactory::getLocalNameFor in /Users/tusharkaw/Downloads/GnosPedia/includes/specialpage/SpecialPageFactory.php at line 1859] in /Users/tusharkaw/Downloads/GnosPedia/includes/debug/MWDebug.php on line 499
[25-Sep-2025 06:54:35 UTC] PHP Notice:  Did not find alias for special page 'Contact'. Perhaps no aliases are defined for it? [Called from MediaWiki\SpecialPage\SpecialPageFactory::getLocalNameFor in /Users/tusharkaw/Downloads/GnosPedia/includes/specialpage/SpecialPageFactory.php at line 1859] in /Users/tusharkaw/Downloads/GnosPedia/includes/debug/MWDebug.php on line 499
[25-Sep-2025 06:56:32 UTC] PHP Fatal error:  Uncaught MediaWiki\Registration\ExtensionDependencyError: Translate is not compatible with the current MediaWiki core (version 1.44.0), it requires: >= 1.45.0.
Translate requires UniversalLanguageSelector to be installed.
ContactPage is not compatible with the current MediaWiki core (version 1.44.0), it requires: >= 1.45.
 in /Users/tusharkaw/Downloads/GnosPedia/includes/registration/ExtensionRegistry.php:477
Stack trace:
#0 /Users/tusharkaw/Downloads/GnosPedia/includes/registration/ExtensionRegistry.php(329): MediaWiki\Registration\ExtensionRegistry->readFromQueue(Array)
#1 /Users/tusharkaw/Downloads/GnosPedia/includes/Setup.php(299): MediaWiki\Registration\ExtensionRegistry->loadFromQueue()
#2 /Users/tusharkaw/Downloads/GnosPedia/includes/WebStart.php(86): require_once('/Users/tusharka...')
#3 /Users/tusharkaw/Downloads/GnosPedia/index.php(50): require('/Users/tusharka...')
#4 {main}
  thrown in /Users/tusharkaw/Downloads/GnosPedia/includes/registration/ExtensionRegistry.php on line 477
[25-Sep-2025 07:10:06 UTC] PHP Fatal error:  Uncaught MediaWiki\Registration\ExtensionDependencyError: Translate is not compatible with the current MediaWiki core (version 1.44.0), it requires: >= 1.45.0.
Translate requires UniversalLanguageSelector to be installed.
ContactPage is not compatible with the current MediaWiki core (version 1.44.0), it requires: >= 1.45.
 in /Users/tusharkaw/Downloads/GnosPedia/includes/registration/ExtensionRegistry.php:477
Stack trace:
#0 /Users/tusharkaw/Downloads/GnosPedia/includes/registration/ExtensionRegistry.php(329): MediaWiki\Registration\ExtensionRegistry->readFromQueue(Array)
#1 /Users/tusharkaw/Downloads/GnosPedia/includes/Setup.php(299): MediaWiki\Registration\ExtensionRegistry->loadFromQueue()
#2 /Users/tusharkaw/Downloads/GnosPedia/includes/WebStart.php(86): require_once('/Users/tusharka...')
#3 /Users/tusharkaw/Downloads/GnosPedia/index.php(50): require('/Users/tusharka...')
#4 {main}
  thrown in /Users/tusharkaw/Downloads/GnosPedia/includes/registration/ExtensionRegistry.php on line 477
[25-Sep-2025 07:10:08 UTC] PHP Fatal error:  Uncaught MediaWiki\Registration\ExtensionDependencyError: Translate is not compatible with the current MediaWiki core (version 1.44.0), it requires: >= 1.45.0.
Translate requires UniversalLanguageSelector to be installed.
ContactPage is not compatible with the current MediaWiki core (version 1.44.0), it requires: >= 1.45.
 in /Users/tusharkaw/Downloads/GnosPedia/includes/registration/ExtensionRegistry.php:477
Stack trace:
#0 /Users/tusharkaw/Downloads/GnosPedia/includes/registration/ExtensionRegistry.php(329): MediaWiki\Registration\ExtensionRegistry->readFromQueue(Array)
#1 /Users/tusharkaw/Downloads/GnosPedia/includes/Setup.php(299): MediaWiki\Registration\ExtensionRegistry->loadFromQueue()
#2 /Users/tusharkaw/Downloads/GnosPedia/includes/WebStart.php(86): require_once('/Users/tusharka...')
#3 /Users/tusharkaw/Downloads/GnosPedia/index.php(50): require('/Users/tusharka...')
#4 {main}
  thrown in /Users/tusharkaw/Downloads/GnosPedia/includes/registration/ExtensionRegistry.php on line 477
[25-Sep-2025 07:31:02 UTC] PHP Notice:  Uncommitted DB writes (transaction from LCStoreDB::finishWrite) in /Users/tusharkaw/Downloads/GnosPedia/includes/libs/rdbms/database/TransactionManager.php on line 545
[25-Sep-2025 07:31:02 UTC] PHP Notice:  DB transaction writes or callbacks still pending (LCStoreDB::finishWrite, LCStoreDB::finishWrite, LCStoreDB::finishWrite, LCStoreDB::finishWrite, LCStoreDB::finishWrite, LCStoreDB::finishWrite, LCStoreDB::finishWrite, LCStoreDB::finishWrite, LCStoreDB::finishWrite, LCStoreDB::finishWrite, LCStoreDB::finishWrite, LCStoreDB::finishWrite, LCStoreDB::finishWrite, LCStoreDB::finishWrite, LCStoreDB::finishWrite, LCStoreDB::finishWrite, LCStoreDB::finishWrite, LCStoreDB::finishWrite, LCStoreDB::finishWrite, LCStoreDB::finishWrite, LCStoreDB::finishWrite, LCStoreDB::finishWrite) in /Users/tusharkaw/Downloads/GnosPedia/includes/libs/rdbms/database/Database.php on line 3225
[25-Sep-2025 07:35:31 UTC] PHP Notice:  tempnam(): file created in the system's temporary directory in /Users/tusharkaw/Downloads/GnosPedia/extensions/CreateWiki/includes/Services/CreateWikiDataStore.php on line 166
[25-Sep-2025 07:35:31 UTC] PHP Notice:  tempnam(): file created in the system's temporary directory in /Users/tusharkaw/Downloads/GnosPedia/extensions/ManageWiki/includes/Helpers/DataStore.php on line 194
[25-Sep-2025 07:35:31 UTC] PHP Notice:  tempnam(): file created in the system's temporary directory in /Users/tusharkaw/Downloads/GnosPedia/extensions/ManageWiki/includes/Helpers/DataStore.php on line 194
[25-Sep-2025 07:37:06 UTC] PHP Notice:  Found alias defined for Mypage when searching for special page aliases for MyPage. Case mismatch? [Called from MediaWiki\SpecialPage\SpecialPageFactory::getLocalNameFor in /Users/tusharkaw/Downloads/GnosPedia/includes/specialpage/SpecialPageFactory.php at line 1852] in /Users/tusharkaw/Downloads/GnosPedia/includes/debug/MWDebug.php on line 499
[25-Sep-2025 07:37:06 UTC] PHP Notice:  Did not find alias for special page 'Chat'. Perhaps no aliases are defined for it? [Called from MediaWiki\SpecialPage\SpecialPageFactory::getLocalNameFor in /Users/tusharkaw/Downloads/GnosPedia/includes/specialpage/SpecialPageFactory.php at line 1859] in /Users/tusharkaw/Downloads/GnosPedia/includes/debug/MWDebug.php on line 499
[25-Sep-2025 07:37:06 UTC] PHP Notice:  Did not find alias for special page 'CreatePage'. Perhaps no aliases are defined for it? [Called from MediaWiki\SpecialPage\SpecialPageFactory::getLocalNameFor in /Users/tusharkaw/Downloads/GnosPedia/includes/specialpage/SpecialPageFactory.php at line 1859] in /Users/tusharkaw/Downloads/GnosPedia/includes/debug/MWDebug.php on line 499
[25-Sep-2025 07:37:57 UTC] PHP Notice:  Found alias defined for Mypage when searching for special page aliases for MyPage. Case mismatch? [Called from MediaWiki\SpecialPage\SpecialPageFactory::getLocalNameFor in /Users/tusharkaw/Downloads/GnosPedia/includes/specialpage/SpecialPageFactory.php at line 1852] in /Users/tusharkaw/Downloads/GnosPedia/includes/debug/MWDebug.php on line 499
[25-Sep-2025 07:37:57 UTC] PHP Notice:  Did not find alias for special page 'Chat'. Perhaps no aliases are defined for it? [Called from MediaWiki\SpecialPage\SpecialPageFactory::getLocalNameFor in /Users/tusharkaw/Downloads/GnosPedia/includes/specialpage/SpecialPageFactory.php at line 1859] in /Users/tusharkaw/Downloads/GnosPedia/includes/debug/MWDebug.php on line 499
[25-Sep-2025 07:37:57 UTC] PHP Notice:  Did not find alias for special page 'CreatePage'. Perhaps no aliases are defined for it? [Called from MediaWiki\SpecialPage\SpecialPageFactory::getLocalNameFor in /Users/tusharkaw/Downloads/GnosPedia/includes/specialpage/SpecialPageFactory.php at line 1859] in /Users/tusharkaw/Downloads/GnosPedia/includes/debug/MWDebug.php on line 499
[25-Sep-2025 07:37:58 UTC] PHP Notice:  Found alias defined for Mypage when searching for special page aliases for MyPage. Case mismatch? [Called from MediaWiki\SpecialPage\SpecialPageFactory::getLocalNameFor in /Users/tusharkaw/Downloads/GnosPedia/includes/specialpage/SpecialPageFactory.php at line 1852] in /Users/tusharkaw/Downloads/GnosPedia/includes/debug/MWDebug.php on line 499
[25-Sep-2025 07:37:58 UTC] PHP Notice:  Did not find alias for special page 'Chat'. Perhaps no aliases are defined for it? [Called from MediaWiki\SpecialPage\SpecialPageFactory::getLocalNameFor in /Users/tusharkaw/Downloads/GnosPedia/includes/specialpage/SpecialPageFactory.php at line 1859] in /Users/tusharkaw/Downloads/GnosPedia/includes/debug/MWDebug.php on line 499
[25-Sep-2025 07:37:58 UTC] PHP Notice:  Did not find alias for special page 'CreatePage'. Perhaps no aliases are defined for it? [Called from MediaWiki\SpecialPage\SpecialPageFactory::getLocalNameFor in /Users/tusharkaw/Downloads/GnosPedia/includes/specialpage/SpecialPageFactory.php at line 1859] in /Users/tusharkaw/Downloads/GnosPedia/includes/debug/MWDebug.php on line 499
[25-Sep-2025 07:38:07 UTC] PHP Notice:  Found alias defined for Mypage when searching for special page aliases for MyPage. Case mismatch? [Called from MediaWiki\SpecialPage\SpecialPageFactory::getLocalNameFor in /Users/tusharkaw/Downloads/GnosPedia/includes/specialpage/SpecialPageFactory.php at line 1852] in /Users/tusharkaw/Downloads/GnosPedia/includes/debug/MWDebug.php on line 499
[25-Sep-2025 07:38:07 UTC] PHP Notice:  Did not find alias for special page 'Chat'. Perhaps no aliases are defined for it? [Called from MediaWiki\SpecialPage\SpecialPageFactory::getLocalNameFor in /Users/tusharkaw/Downloads/GnosPedia/includes/specialpage/SpecialPageFactory.php at line 1859] in /Users/tusharkaw/Downloads/GnosPedia/includes/debug/MWDebug.php on line 499
[25-Sep-2025 07:38:07 UTC] PHP Notice:  Did not find alias for special page 'CreatePage'. Perhaps no aliases are defined for it? [Called from MediaWiki\SpecialPage\SpecialPageFactory::getLocalNameFor in /Users/tusharkaw/Downloads/GnosPedia/includes/specialpage/SpecialPageFactory.php at line 1859] in /Users/tusharkaw/Downloads/GnosPedia/includes/debug/MWDebug.php on line 499
[25-Sep-2025 07:38:12 UTC] PHP Notice:  Found alias defined for Mypage when searching for special page aliases for MyPage. Case mismatch? [Called from MediaWiki\SpecialPage\SpecialPageFactory::getLocalNameFor in /Users/tusharkaw/Downloads/GnosPedia/includes/specialpage/SpecialPageFactory.php at line 1852] in /Users/tusharkaw/Downloads/GnosPedia/includes/debug/MWDebug.php on line 499
[25-Sep-2025 07:38:12 UTC] PHP Notice:  Did not find alias for special page 'Chat'. Perhaps no aliases are defined for it? [Called from MediaWiki\SpecialPage\SpecialPageFactory::getLocalNameFor in /Users/tusharkaw/Downloads/GnosPedia/includes/specialpage/SpecialPageFactory.php at line 1859] in /Users/tusharkaw/Downloads/GnosPedia/includes/debug/MWDebug.php on line 499
[25-Sep-2025 07:38:12 UTC] PHP Notice:  Did not find alias for special page 'CreatePage'. Perhaps no aliases are defined for it? [Called from MediaWiki\SpecialPage\SpecialPageFactory::getLocalNameFor in /Users/tusharkaw/Downloads/GnosPedia/includes/specialpage/SpecialPageFactory.php at line 1859] in /Users/tusharkaw/Downloads/GnosPedia/includes/debug/MWDebug.php on line 499
[25-Sep-2025 11:51:55 UTC] PHP Notice:  Found alias defined for Mypage when searching for special page aliases for MyPage. Case mismatch? [Called from MediaWiki\SpecialPage\SpecialPageFactory::getLocalNameFor in /Users/tusharkaw/Downloads/GnosPedia/includes/specialpage/SpecialPageFactory.php at line 1852] in /Users/tusharkaw/Downloads/GnosPedia/includes/debug/MWDebug.php on line 499
[25-Sep-2025 11:51:55 UTC] PHP Notice:  Did not find alias for special page 'Chat'. Perhaps no aliases are defined for it? [Called from MediaWiki\SpecialPage\SpecialPageFactory::getLocalNameFor in /Users/tusharkaw/Downloads/GnosPedia/includes/specialpage/SpecialPageFactory.php at line 1859] in /Users/tusharkaw/Downloads/GnosPedia/includes/debug/MWDebug.php on line 499
[25-Sep-2025 11:51:55 UTC] PHP Notice:  Did not find alias for special page 'CreatePage'. Perhaps no aliases are defined for it? [Called from MediaWiki\SpecialPage\SpecialPageFactory::getLocalNameFor in /Users/tusharkaw/Downloads/GnosPedia/includes/specialpage/SpecialPageFactory.php at line 1859] in /Users/tusharkaw/Downloads/GnosPedia/includes/debug/MWDebug.php on line 499
[25-Sep-2025 11:51:58 UTC] PHP Notice:  Found alias defined for Mypage when searching for special page aliases for MyPage. Case mismatch? [Called from MediaWiki\SpecialPage\SpecialPageFactory::getLocalNameFor in /Users/tusharkaw/Downloads/GnosPedia/includes/specialpage/SpecialPageFactory.php at line 1852] in /Users/tusharkaw/Downloads/GnosPedia/includes/debug/MWDebug.php on line 499
[25-Sep-2025 11:51:58 UTC] PHP Notice:  Did not find alias for special page 'Chat'. Perhaps no aliases are defined for it? [Called from MediaWiki\SpecialPage\SpecialPageFactory::getLocalNameFor in /Users/tusharkaw/Downloads/GnosPedia/includes/specialpage/SpecialPageFactory.php at line 1859] in /Users/tusharkaw/Downloads/GnosPedia/includes/debug/MWDebug.php on line 499
[25-Sep-2025 11:51:58 UTC] PHP Notice:  Did not find alias for special page 'CreatePage'. Perhaps no aliases are defined for it? [Called from MediaWiki\SpecialPage\SpecialPageFactory::getLocalNameFor in /Users/tusharkaw/Downloads/GnosPedia/includes/specialpage/SpecialPageFactory.php at line 1859] in /Users/tusharkaw/Downloads/GnosPedia/includes/debug/MWDebug.php on line 499
[25-Sep-2025 11:52:16 UTC] PHP Notice:  Found alias defined for Mypage when searching for special page aliases for MyPage. Case mismatch? [Called from MediaWiki\SpecialPage\SpecialPageFactory::getLocalNameFor in /Users/tusharkaw/Downloads/GnosPedia/includes/specialpage/SpecialPageFactory.php at line 1852] in /Users/tusharkaw/Downloads/GnosPedia/includes/debug/MWDebug.php on line 499
[25-Sep-2025 11:52:16 UTC] PHP Notice:  Did not find alias for special page 'Chat'. Perhaps no aliases are defined for it? [Called from MediaWiki\SpecialPage\SpecialPageFactory::getLocalNameFor in /Users/tusharkaw/Downloads/GnosPedia/includes/specialpage/SpecialPageFactory.php at line 1859] in /Users/tusharkaw/Downloads/GnosPedia/includes/debug/MWDebug.php on line 499
[25-Sep-2025 11:52:16 UTC] PHP Notice:  Did not find alias for special page 'CreatePage'. Perhaps no aliases are defined for it? [Called from MediaWiki\SpecialPage\SpecialPageFactory::getLocalNameFor in /Users/tusharkaw/Downloads/GnosPedia/includes/specialpage/SpecialPageFactory.php at line 1859] in /Users/tusharkaw/Downloads/GnosPedia/includes/debug/MWDebug.php on line 499
[25-Sep-2025 11:52:17 UTC] PHP Notice:  Found alias defined for Mypage when searching for special page aliases for MyPage. Case mismatch? [Called from MediaWiki\SpecialPage\SpecialPageFactory::getLocalNameFor in /Users/tusharkaw/Downloads/GnosPedia/includes/specialpage/SpecialPageFactory.php at line 1852] in /Users/tusharkaw/Downloads/GnosPedia/includes/debug/MWDebug.php on line 499
[25-Sep-2025 11:52:17 UTC] PHP Notice:  Did not find alias for special page 'Chat'. Perhaps no aliases are defined for it? [Called from MediaWiki\SpecialPage\SpecialPageFactory::getLocalNameFor in /Users/tusharkaw/Downloads/GnosPedia/includes/specialpage/SpecialPageFactory.php at line 1859] in /Users/tusharkaw/Downloads/GnosPedia/includes/debug/MWDebug.php on line 499
[25-Sep-2025 11:52:17 UTC] PHP Notice:  Did not find alias for special page 'CreatePage'. Perhaps no aliases are defined for it? [Called from MediaWiki\SpecialPage\SpecialPageFactory::getLocalNameFor in /Users/tusharkaw/Downloads/GnosPedia/includes/specialpage/SpecialPageFactory.php at line 1859] in /Users/tusharkaw/Downloads/GnosPedia/includes/debug/MWDebug.php on line 499
[25-Sep-2025 11:52:21 UTC] PHP Notice:  Found alias defined for Mypage when searching for special page aliases for MyPage. Case mismatch? [Called from MediaWiki\SpecialPage\SpecialPageFactory::getLocalNameFor in /Users/tusharkaw/Downloads/GnosPedia/includes/specialpage/SpecialPageFactory.php at line 1852] in /Users/tusharkaw/Downloads/GnosPedia/includes/debug/MWDebug.php on line 499
[25-Sep-2025 11:52:21 UTC] PHP Notice:  Did not find alias for special page 'Chat'. Perhaps no aliases are defined for it? [Called from MediaWiki\SpecialPage\SpecialPageFactory::getLocalNameFor in /Users/tusharkaw/Downloads/GnosPedia/includes/specialpage/SpecialPageFactory.php at line 1859] in /Users/tusharkaw/Downloads/GnosPedia/includes/debug/MWDebug.php on line 499
[25-Sep-2025 11:52:21 UTC] PHP Notice:  Did not find alias for special page 'CreatePage'. Perhaps no aliases are defined for it? [Called from MediaWiki\SpecialPage\SpecialPageFactory::getLocalNameFor in /Users/tusharkaw/Downloads/GnosPedia/includes/specialpage/SpecialPageFactory.php at line 1859] in /Users/tusharkaw/Downloads/GnosPedia/includes/debug/MWDebug.php on line 499
[25-Sep-2025 11:52:23 UTC] PHP Notice:  Found alias defined for Mypage when searching for special page aliases for MyPage. Case mismatch? [Called from MediaWiki\SpecialPage\SpecialPageFactory::getLocalNameFor in /Users/tusharkaw/Downloads/GnosPedia/includes/specialpage/SpecialPageFactory.php at line 1852] in /Users/tusharkaw/Downloads/GnosPedia/includes/debug/MWDebug.php on line 499
[25-Sep-2025 11:52:23 UTC] PHP Notice:  Did not find alias for special page 'Chat'. Perhaps no aliases are defined for it? [Called from MediaWiki\SpecialPage\SpecialPageFactory::getLocalNameFor in /Users/tusharkaw/Downloads/GnosPedia/includes/specialpage/SpecialPageFactory.php at line 1859] in /Users/tusharkaw/Downloads/GnosPedia/includes/debug/MWDebug.php on line 499
[25-Sep-2025 11:52:23 UTC] PHP Notice:  Did not find alias for special page 'CreatePage'. Perhaps no aliases are defined for it? [Called from MediaWiki\SpecialPage\SpecialPageFactory::getLocalNameFor in /Users/tusharkaw/Downloads/GnosPedia/includes/specialpage/SpecialPageFactory.php at line 1859] in /Users/tusharkaw/Downloads/GnosPedia/includes/debug/MWDebug.php on line 499
[25-Sep-2025 11:52:42 UTC] PHP Notice:  Found alias defined for Mypage when searching for special page aliases for MyPage. Case mismatch? [Called from MediaWiki\SpecialPage\SpecialPageFactory::getLocalNameFor in /Users/tusharkaw/Downloads/GnosPedia/includes/specialpage/SpecialPageFactory.php at line 1852] in /Users/tusharkaw/Downloads/GnosPedia/includes/debug/MWDebug.php on line 499
[25-Sep-2025 11:52:42 UTC] PHP Notice:  Did not find alias for special page 'Chat'. Perhaps no aliases are defined for it? [Called from MediaWiki\SpecialPage\SpecialPageFactory::getLocalNameFor in /Users/tusharkaw/Downloads/GnosPedia/includes/specialpage/SpecialPageFactory.php at line 1859] in /Users/tusharkaw/Downloads/GnosPedia/includes/debug/MWDebug.php on line 499
[25-Sep-2025 11:52:42 UTC] PHP Notice:  Did not find alias for special page 'CreatePage'. Perhaps no aliases are defined for it? [Called from MediaWiki\SpecialPage\SpecialPageFactory::getLocalNameFor in /Users/tusharkaw/Downloads/GnosPedia/includes/specialpage/SpecialPageFactory.php at line 1859] in /Users/tusharkaw/Downloads/GnosPedia/includes/debug/MWDebug.php on line 499
[25-Sep-2025 11:52:45 UTC] PHP Notice:  Found alias defined for Mypage when searching for special page aliases for MyPage. Case mismatch? [Called from MediaWiki\SpecialPage\SpecialPageFactory::getLocalNameFor in /Users/tusharkaw/Downloads/GnosPedia/includes/specialpage/SpecialPageFactory.php at line 1852] in /Users/tusharkaw/Downloads/GnosPedia/includes/debug/MWDebug.php on line 499
[25-Sep-2025 11:52:45 UTC] PHP Notice:  Did not find alias for special page 'Chat'. Perhaps no aliases are defined for it? [Called from MediaWiki\SpecialPage\SpecialPageFactory::getLocalNameFor in /Users/tusharkaw/Downloads/GnosPedia/includes/specialpage/SpecialPageFactory.php at line 1859] in /Users/tusharkaw/Downloads/GnosPedia/includes/debug/MWDebug.php on line 499
[25-Sep-2025 11:52:45 UTC] PHP Notice:  Did not find alias for special page 'CreatePage'. Perhaps no aliases are defined for it? [Called from MediaWiki\SpecialPage\SpecialPageFactory::getLocalNameFor in /Users/tusharkaw/Downloads/GnosPedia/includes/specialpage/SpecialPageFactory.php at line 1859] in /Users/tusharkaw/Downloads/GnosPedia/includes/debug/MWDebug.php on line 499
[25-Sep-2025 11:52:50 UTC] PHP Notice:  Found alias defined for Mypage when searching for special page aliases for MyPage. Case mismatch? [Called from MediaWiki\SpecialPage\SpecialPageFactory::getLocalNameFor in /Users/tusharkaw/Downloads/GnosPedia/includes/specialpage/SpecialPageFactory.php at line 1852] in /Users/tusharkaw/Downloads/GnosPedia/includes/debug/MWDebug.php on line 499
[25-Sep-2025 11:52:50 UTC] PHP Notice:  Did not find alias for special page 'Chat'. Perhaps no aliases are defined for it? [Called from MediaWiki\SpecialPage\SpecialPageFactory::getLocalNameFor in /Users/tusharkaw/Downloads/GnosPedia/includes/specialpage/SpecialPageFactory.php at line 1859] in /Users/tusharkaw/Downloads/GnosPedia/includes/debug/MWDebug.php on line 499
[25-Sep-2025 11:52:50 UTC] PHP Notice:  Did not find alias for special page 'CreatePage'. Perhaps no aliases are defined for it? [Called from MediaWiki\SpecialPage\SpecialPageFactory::getLocalNameFor in /Users/tusharkaw/Downloads/GnosPedia/includes/specialpage/SpecialPageFactory.php at line 1859] in /Users/tusharkaw/Downloads/GnosPedia/includes/debug/MWDebug.php on line 499
[25-Sep-2025 11:52:55 UTC] PHP Notice:  Found alias defined for Mypage when searching for special page aliases for MyPage. Case mismatch? [Called from MediaWiki\SpecialPage\SpecialPageFactory::getLocalNameFor in /Users/tusharkaw/Downloads/GnosPedia/includes/specialpage/SpecialPageFactory.php at line 1852] in /Users/tusharkaw/Downloads/GnosPedia/includes/debug/MWDebug.php on line 499
[25-Sep-2025 11:52:55 UTC] PHP Notice:  Did not find alias for special page 'Chat'. Perhaps no aliases are defined for it? [Called from MediaWiki\SpecialPage\SpecialPageFactory::getLocalNameFor in /Users/tusharkaw/Downloads/GnosPedia/includes/specialpage/SpecialPageFactory.php at line 1859] in /Users/tusharkaw/Downloads/GnosPedia/includes/debug/MWDebug.php on line 499
[25-Sep-2025 11:52:55 UTC] PHP Notice:  Did not find alias for special page 'CreatePage'. Perhaps no aliases are defined for it? [Called from MediaWiki\SpecialPage\SpecialPageFactory::getLocalNameFor in /Users/tusharkaw/Downloads/GnosPedia/includes/specialpage/SpecialPageFactory.php at line 1859] in /Users/tusharkaw/Downloads/GnosPedia/includes/debug/MWDebug.php on line 499
[25-Sep-2025 11:52:59 UTC] PHP Notice:  Found alias defined for Mypage when searching for special page aliases for MyPage. Case mismatch? [Called from MediaWiki\SpecialPage\SpecialPageFactory::getLocalNameFor in /Users/tusharkaw/Downloads/GnosPedia/includes/specialpage/SpecialPageFactory.php at line 1852] in /Users/tusharkaw/Downloads/GnosPedia/includes/debug/MWDebug.php on line 499
[25-Sep-2025 11:52:59 UTC] PHP Notice:  Did not find alias for special page 'Chat'. Perhaps no aliases are defined for it? [Called from MediaWiki\SpecialPage\SpecialPageFactory::getLocalNameFor in /Users/tusharkaw/Downloads/GnosPedia/includes/specialpage/SpecialPageFactory.php at line 1859] in /Users/tusharkaw/Downloads/GnosPedia/includes/debug/MWDebug.php on line 499
[25-Sep-2025 11:52:59 UTC] PHP Notice:  Did not find alias for special page 'CreatePage'. Perhaps no aliases are defined for it? [Called from MediaWiki\SpecialPage\SpecialPageFactory::getLocalNameFor in /Users/tusharkaw/Downloads/GnosPedia/includes/specialpage/SpecialPageFactory.php at line 1859] in /Users/tusharkaw/Downloads/GnosPedia/includes/debug/MWDebug.php on line 499
[25-Sep-2025 11:53:00 UTC] PHP Notice:  Found alias defined for Mypage when searching for special page aliases for MyPage. Case mismatch? [Called from MediaWiki\SpecialPage\SpecialPageFactory::getLocalNameFor in /Users/tusharkaw/Downloads/GnosPedia/includes/specialpage/SpecialPageFactory.php at line 1852] in /Users/tusharkaw/Downloads/GnosPedia/includes/debug/MWDebug.php on line 499
[25-Sep-2025 11:53:00 UTC] PHP Notice:  Did not find alias for special page 'Chat'. Perhaps no aliases are defined for it? [Called from MediaWiki\SpecialPage\SpecialPageFactory::getLocalNameFor in /Users/tusharkaw/Downloads/GnosPedia/includes/specialpage/SpecialPageFactory.php at line 1859] in /Users/tusharkaw/Downloads/GnosPedia/includes/debug/MWDebug.php on line 499
[25-Sep-2025 11:53:00 UTC] PHP Notice:  Did not find alias for special page 'CreatePage'. Perhaps no aliases are defined for it? [Called from MediaWiki\SpecialPage\SpecialPageFactory::getLocalNameFor in /Users/tusharkaw/Downloads/GnosPedia/includes/specialpage/SpecialPageFactory.php at line 1859] in /Users/tusharkaw/Downloads/GnosPedia/includes/debug/MWDebug.php on line 499
[25-Sep-2025 11:53:03 UTC] PHP Notice:  Found alias defined for Mypage when searching for special page aliases for MyPage. Case mismatch? [Called from MediaWiki\SpecialPage\SpecialPageFactory::getLocalNameFor in /Users/tusharkaw/Downloads/GnosPedia/includes/specialpage/SpecialPageFactory.php at line 1852] in /Users/tusharkaw/Downloads/GnosPedia/includes/debug/MWDebug.php on line 499
[25-Sep-2025 11:53:03 UTC] PHP Notice:  Did not find alias for special page 'Chat'. Perhaps no aliases are defined for it? [Called from MediaWiki\SpecialPage\SpecialPageFactory::getLocalNameFor in /Users/tusharkaw/Downloads/GnosPedia/includes/specialpage/SpecialPageFactory.php at line 1859] in /Users/tusharkaw/Downloads/GnosPedia/includes/debug/MWDebug.php on line 499
[25-Sep-2025 11:53:03 UTC] PHP Notice:  Did not find alias for special page 'CreatePage'. Perhaps no aliases are defined for it? [Called from MediaWiki\SpecialPage\SpecialPageFactory::getLocalNameFor in /Users/tusharkaw/Downloads/GnosPedia/includes/specialpage/SpecialPageFactory.php at line 1859] in /Users/tusharkaw/Downloads/GnosPedia/includes/debug/MWDebug.php on line 499
[25-Sep-2025 11:53:04 UTC] PHP Notice:  Found alias defined for Mypage when searching for special page aliases for MyPage. Case mismatch? [Called from MediaWiki\SpecialPage\SpecialPageFactory::getLocalNameFor in /Users/tusharkaw/Downloads/GnosPedia/includes/specialpage/SpecialPageFactory.php at line 1852] in /Users/tusharkaw/Downloads/GnosPedia/includes/debug/MWDebug.php on line 499
[25-Sep-2025 11:53:04 UTC] PHP Notice:  Did not find alias for special page 'Chat'. Perhaps no aliases are defined for it? [Called from MediaWiki\SpecialPage\SpecialPageFactory::getLocalNameFor in /Users/tusharkaw/Downloads/GnosPedia/includes/specialpage/SpecialPageFactory.php at line 1859] in /Users/tusharkaw/Downloads/GnosPedia/includes/debug/MWDebug.php on line 499
[25-Sep-2025 11:53:04 UTC] PHP Notice:  Did not find alias for special page 'CreatePage'. Perhaps no aliases are defined for it? [Called from MediaWiki\SpecialPage\SpecialPageFactory::getLocalNameFor in /Users/tusharkaw/Downloads/GnosPedia/includes/specialpage/SpecialPageFactory.php at line 1859] in /Users/tusharkaw/Downloads/GnosPedia/includes/debug/MWDebug.php on line 499
[25-Sep-2025 11:53:05 UTC] PHP Notice:  Found alias defined for Mypage when searching for special page aliases for MyPage. Case mismatch? [Called from MediaWiki\SpecialPage\SpecialPageFactory::getLocalNameFor in /Users/tusharkaw/Downloads/GnosPedia/includes/specialpage/SpecialPageFactory.php at line 1852] in /Users/tusharkaw/Downloads/GnosPedia/includes/debug/MWDebug.php on line 499
[25-Sep-2025 11:53:05 UTC] PHP Notice:  Did not find alias for special page 'Chat'. Perhaps no aliases are defined for it? [Called from MediaWiki\SpecialPage\SpecialPageFactory::getLocalNameFor in /Users/tusharkaw/Downloads/GnosPedia/includes/specialpage/SpecialPageFactory.php at line 1859] in /Users/tusharkaw/Downloads/GnosPedia/includes/debug/MWDebug.php on line 499
[25-Sep-2025 11:53:05 UTC] PHP Notice:  Did not find alias for special page 'CreatePage'. Perhaps no aliases are defined for it? [Called from MediaWiki\SpecialPage\SpecialPageFactory::getLocalNameFor in /Users/tusharkaw/Downloads/GnosPedia/includes/specialpage/SpecialPageFactory.php at line 1859] in /Users/tusharkaw/Downloads/GnosPedia/includes/debug/MWDebug.php on line 499
[25-Sep-2025 11:54:32 UTC] PHP Notice:  Found alias defined for Mypage when searching for special page aliases for MyPage. Case mismatch? [Called from MediaWiki\SpecialPage\SpecialPageFactory::getLocalNameFor in /Users/tusharkaw/Downloads/GnosPedia/includes/specialpage/SpecialPageFactory.php at line 1852] in /Users/tusharkaw/Downloads/GnosPedia/includes/debug/MWDebug.php on line 499
[25-Sep-2025 11:54:32 UTC] PHP Notice:  Did not find alias for special page 'Chat'. Perhaps no aliases are defined for it? [Called from MediaWiki\SpecialPage\SpecialPageFactory::getLocalNameFor in /Users/tusharkaw/Downloads/GnosPedia/includes/specialpage/SpecialPageFactory.php at line 1859] in /Users/tusharkaw/Downloads/GnosPedia/includes/debug/MWDebug.php on line 499
[25-Sep-2025 11:54:32 UTC] PHP Notice:  Did not find alias for special page 'CreatePage'. Perhaps no aliases are defined for it? [Called from MediaWiki\SpecialPage\SpecialPageFactory::getLocalNameFor in /Users/tusharkaw/Downloads/GnosPedia/includes/specialpage/SpecialPageFactory.php at line 1859] in /Users/tusharkaw/Downloads/GnosPedia/includes/debug/MWDebug.php on line 499
[25-Sep-2025 18:52:51 UTC] PHP Deprecated:  preg_replace(): Passing null to parameter #3 ($subject) of type array|string is deprecated in /Users/tusharkaw/Downloads/GnosPedia/vendor/zordius/lightncandy/src/Partial.php on line 202
[25-Sep-2025 18:52:51 UTC] PHP Deprecated:  preg_replace(): Passing null to parameter #3 ($subject) of type array|string is deprecated in /Users/tusharkaw/Downloads/GnosPedia/vendor/zordius/lightncandy/src/Partial.php on line 202
[25-Sep-2025 18:52:51 UTC] PHP Deprecated:  preg_replace(): Passing null to parameter #3 ($subject) of type array|string is deprecated in /Users/tusharkaw/Downloads/GnosPedia/vendor/zordius/lightncandy/src/Partial.php on line 202
[25-Sep-2025 18:52:51 UTC] PHP Deprecated:  preg_replace(): Passing null to parameter #3 ($subject) of type array|string is deprecated in /Users/tusharkaw/Downloads/GnosPedia/vendor/zordius/lightncandy/src/Partial.php on line 202
[25-Sep-2025 18:52:51 UTC] PHP Deprecated:  preg_replace(): Passing null to parameter #3 ($subject) of type array|string is deprecated in /Users/tusharkaw/Downloads/GnosPedia/vendor/zordius/lightncandy/src/Partial.php on line 202
[25-Sep-2025 18:52:51 UTC] PHP Deprecated:  preg_replace(): Passing null to parameter #3 ($subject) of type array|string is deprecated in /Users/tusharkaw/Downloads/GnosPedia/vendor/zordius/lightncandy/src/Partial.php on line 202
[25-Sep-2025 18:52:51 UTC] PHP Deprecated:  preg_replace(): Passing null to parameter #3 ($subject) of type array|string is deprecated in /Users/tusharkaw/Downloads/GnosPedia/vendor/zordius/lightncandy/src/Partial.php on line 202
[25-Sep-2025 18:52:51 UTC] PHP Deprecated:  preg_replace(): Passing null to parameter #3 ($subject) of type array|string is deprecated in /Users/tusharkaw/Downloads/GnosPedia/vendor/zordius/lightncandy/src/Partial.php on line 202
[25-Sep-2025 18:52:51 UTC] PHP Deprecated:  preg_replace(): Passing null to parameter #3 ($subject) of type array|string is deprecated in /Users/tusharkaw/Downloads/GnosPedia/vendor/zordius/lightncandy/src/Partial.php on line 202
[25-Sep-2025 18:52:51 UTC] PHP Deprecated:  preg_replace(): Passing null to parameter #3 ($subject) of type array|string is deprecated in /Users/tusharkaw/Downloads/GnosPedia/vendor/zordius/lightncandy/src/Partial.php on line 202
[25-Sep-2025 18:52:51 UTC] PHP Deprecated:  preg_replace(): Passing null to parameter #3 ($subject) of type array|string is deprecated in /Users/tusharkaw/Downloads/GnosPedia/vendor/zordius/lightncandy/src/Partial.php on line 202
[25-Sep-2025 18:52:51 UTC] PHP Deprecated:  preg_replace(): Passing null to parameter #3 ($subject) of type array|string is deprecated in /Users/tusharkaw/Downloads/GnosPedia/vendor/zordius/lightncandy/src/Partial.php on line 202
[25-Sep-2025 18:52:51 UTC] PHP Deprecated:  preg_replace(): Passing null to parameter #3 ($subject) of type array|string is deprecated in /Users/tusharkaw/Downloads/GnosPedia/vendor/zordius/lightncandy/src/Partial.php on line 202
[25-Sep-2025 18:52:51 UTC] PHP Deprecated:  preg_replace(): Passing null to parameter #3 ($subject) of type array|string is deprecated in /Users/tusharkaw/Downloads/GnosPedia/vendor/zordius/lightncandy/src/Partial.php on line 202
[25-Sep-2025 18:52:51 UTC] PHP Deprecated:  preg_replace(): Passing null to parameter #3 ($subject) of type array|string is deprecated in /Users/tusharkaw/Downloads/GnosPedia/vendor/zordius/lightncandy/src/Partial.php on line 202
[25-Sep-2025 18:52:51 UTC] PHP Deprecated:  preg_replace(): Passing null to parameter #3 ($subject) of type array|string is deprecated in /Users/tusharkaw/Downloads/GnosPedia/vendor/zordius/lightncandy/src/Partial.php on line 202
[25-Sep-2025 18:52:51 UTC] PHP Deprecated:  preg_replace(): Passing null to parameter #3 ($subject) of type array|string is deprecated in /Users/tusharkaw/Downloads/GnosPedia/vendor/zordius/lightncandy/src/Partial.php on line 202
[25-Sep-2025 18:52:51 UTC] PHP Deprecated:  preg_replace(): Passing null to parameter #3 ($subject) of type array|string is deprecated in /Users/tusharkaw/Downloads/GnosPedia/vendor/zordius/lightncandy/src/Partial.php on line 202
[25-Sep-2025 18:52:51 UTC] PHP Deprecated:  preg_replace(): Passing null to parameter #3 ($subject) of type array|string is deprecated in /Users/tusharkaw/Downloads/GnosPedia/vendor/zordius/lightncandy/src/Partial.php on line 202
[25-Sep-2025 18:52:51 UTC] PHP Deprecated:  preg_replace(): Passing null to parameter #3 ($subject) of type array|string is deprecated in /Users/tusharkaw/Downloads/GnosPedia/vendor/zordius/lightncandy/src/Partial.php on line 202
[25-Sep-2025 18:52:51 UTC] PHP Deprecated:  preg_replace(): Passing null to parameter #3 ($subject) of type array|string is deprecated in /Users/tusharkaw/Downloads/GnosPedia/vendor/zordius/lightncandy/src/Partial.php on line 202
[25-Sep-2025 18:52:51 UTC] PHP Deprecated:  preg_replace(): Passing null to parameter #3 ($subject) of type array|string is deprecated in /Users/tusharkaw/Downloads/GnosPedia/vendor/zordius/lightncandy/src/Partial.php on line 202
[25-Sep-2025 18:52:51 UTC] PHP Deprecated:  preg_replace(): Passing null to parameter #3 ($subject) of type array|string is deprecated in /Users/tusharkaw/Downloads/GnosPedia/vendor/zordius/lightncandy/src/Partial.php on line 202
[25-Sep-2025 18:52:51 UTC] PHP Deprecated:  preg_replace(): Passing null to parameter #3 ($subject) of type array|string is deprecated in /Users/tusharkaw/Downloads/GnosPedia/vendor/zordius/lightncandy/src/Partial.php on line 202
[25-Sep-2025 18:52:51 UTC] PHP Deprecated:  preg_replace(): Passing null to parameter #3 ($subject) of type array|string is deprecated in /Users/tusharkaw/Downloads/GnosPedia/vendor/zordius/lightncandy/src/Partial.php on line 202
[25-Sep-2025 18:52:51 UTC] PHP Deprecated:  preg_replace(): Passing null to parameter #3 ($subject) of type array|string is deprecated in /Users/tusharkaw/Downloads/GnosPedia/vendor/zordius/lightncandy/src/Partial.php on line 202
[25-Sep-2025 18:52:51 UTC] PHP Deprecated:  preg_replace(): Passing null to parameter #3 ($subject) of type array|string is deprecated in /Users/tusharkaw/Downloads/GnosPedia/vendor/zordius/lightncandy/src/Partial.php on line 202
[25-Sep-2025 18:52:51 UTC] PHP Deprecated:  preg_replace(): Passing null to parameter #3 ($subject) of type array|string is deprecated in /Users/tusharkaw/Downloads/GnosPedia/vendor/zordius/lightncandy/src/Partial.php on line 202
[25-Sep-2025 18:52:51 UTC] PHP Deprecated:  preg_replace(): Passing null to parameter #3 ($subject) of type array|string is deprecated in /Users/tusharkaw/Downloads/GnosPedia/vendor/zordius/lightncandy/src/Partial.php on line 202
[25-Sep-2025 18:52:51 UTC] PHP Deprecated:  preg_replace(): Passing null to parameter #3 ($subject) of type array|string is deprecated in /Users/tusharkaw/Downloads/GnosPedia/vendor/zordius/lightncandy/src/Partial.php on line 202
[25-Sep-2025 18:52:51 UTC] PHP Deprecated:  preg_replace(): Passing null to parameter #3 ($subject) of type array|string is deprecated in /Users/tusharkaw/Downloads/GnosPedia/vendor/zordius/lightncandy/src/Partial.php on line 202
[25-Sep-2025 18:52:51 UTC] PHP Deprecated:  preg_replace(): Passing null to parameter #3 ($subject) of type array|string is deprecated in /Users/tusharkaw/Downloads/GnosPedia/vendor/zordius/lightncandy/src/Partial.php on line 202
[25-Sep-2025 18:52:51 UTC] PHP Deprecated:  preg_replace(): Passing null to parameter #3 ($subject) of type array|string is deprecated in /Users/tusharkaw/Downloads/GnosPedia/vendor/zordius/lightncandy/src/Partial.php on line 202
[25-Sep-2025 18:52:51 UTC] PHP Deprecated:  preg_replace(): Passing null to parameter #3 ($subject) of type array|string is deprecated in /Users/tusharkaw/Downloads/GnosPedia/vendor/zordius/lightncandy/src/Partial.php on line 202
[25-Sep-2025 18:52:52 UTC] PHP Deprecated:  preg_replace(): Passing null to parameter #3 ($subject) of type array|string is deprecated in /Users/tusharkaw/Downloads/GnosPedia/vendor/zordius/lightncandy/src/Partial.php on line 202
[25-Sep-2025 18:52:52 UTC] PHP Deprecated:  preg_replace(): Passing null to parameter #3 ($subject) of type array|string is deprecated in /Users/tusharkaw/Downloads/GnosPedia/vendor/zordius/lightncandy/src/Partial.php on line 202
[25-Sep-2025 18:52:52 UTC] PHP Deprecated:  preg_replace(): Passing null to parameter #3 ($subject) of type array|string is deprecated in /Users/tusharkaw/Downloads/GnosPedia/vendor/zordius/lightncandy/src/Partial.php on line 202
[25-Sep-2025 18:52:52 UTC] PHP Deprecated:  preg_replace(): Passing null to parameter #3 ($subject) of type array|string is deprecated in /Users/tusharkaw/Downloads/GnosPedia/vendor/zordius/lightncandy/src/Partial.php on line 202
[25-Sep-2025 18:52:52 UTC] PHP Deprecated:  preg_replace(): Passing null to parameter #3 ($subject) of type array|string is deprecated in /Users/tusharkaw/Downloads/GnosPedia/vendor/zordius/lightncandy/src/Partial.php on line 202
[25-Sep-2025 18:52:52 UTC] PHP Deprecated:  preg_replace(): Passing null to parameter #3 ($subject) of type array|string is deprecated in /Users/tusharkaw/Downloads/GnosPedia/vendor/zordius/lightncandy/src/Partial.php on line 202
[25-Sep-2025 18:52:58 UTC] PHP Deprecated:  preg_replace(): Passing null to parameter #3 ($subject) of type array|string is deprecated in /Users/tusharkaw/Downloads/GnosPedia/vendor/zordius/lightncandy/src/Partial.php on line 202
[25-Sep-2025 18:52:58 UTC] PHP Deprecated:  preg_replace(): Passing null to parameter #3 ($subject) of type array|string is deprecated in /Users/tusharkaw/Downloads/GnosPedia/vendor/zordius/lightncandy/src/Partial.php on line 202
[25-Sep-2025 18:52:58 UTC] PHP Deprecated:  preg_replace(): Passing null to parameter #3 ($subject) of type array|string is deprecated in /Users/tusharkaw/Downloads/GnosPedia/vendor/zordius/lightncandy/src/Partial.php on line 202
[25-Sep-2025 18:52:58 UTC] PHP Deprecated:  preg_replace(): Passing null to parameter #3 ($subject) of type array|string is deprecated in /Users/tusharkaw/Downloads/GnosPedia/vendor/zordius/lightncandy/src/Partial.php on line 202
[25-Sep-2025 18:52:58 UTC] PHP Deprecated:  preg_replace(): Passing null to parameter #3 ($subject) of type array|string is deprecated in /Users/tusharkaw/Downloads/GnosPedia/vendor/zordius/lightncandy/src/Partial.php on line 202
[25-Sep-2025 18:52:58 UTC] PHP Deprecated:  preg_replace(): Passing null to parameter #3 ($subject) of type array|string is deprecated in /Users/tusharkaw/Downloads/GnosPedia/vendor/zordius/lightncandy/src/Partial.php on line 202
[25-Sep-2025 18:52:58 UTC] PHP Deprecated:  preg_replace(): Passing null to parameter #3 ($subject) of type array|string is deprecated in /Users/tusharkaw/Downloads/GnosPedia/vendor/zordius/lightncandy/src/Partial.php on line 202
[25-Sep-2025 18:52:58 UTC] PHP Deprecated:  preg_replace(): Passing null to parameter #3 ($subject) of type array|string is deprecated in /Users/tusharkaw/Downloads/GnosPedia/vendor/zordius/lightncandy/src/Partial.php on line 202
[25-Sep-2025 18:52:58 UTC] PHP Deprecated:  preg_replace(): Passing null to parameter #3 ($subject) of type array|string is deprecated in /Users/tusharkaw/Downloads/GnosPedia/vendor/zordius/lightncandy/src/Partial.php on line 202
[25-Sep-2025 18:52:58 UTC] PHP Deprecated:  preg_replace(): Passing null to parameter #3 ($subject) of type array|string is deprecated in /Users/tusharkaw/Downloads/GnosPedia/vendor/zordius/lightncandy/src/Partial.php on line 202
[25-Sep-2025 18:52:58 UTC] PHP Deprecated:  preg_replace(): Passing null to parameter #3 ($subject) of type array|string is deprecated in /Users/tusharkaw/Downloads/GnosPedia/vendor/zordius/lightncandy/src/Partial.php on line 202
[25-Sep-2025 18:52:58 UTC] PHP Deprecated:  preg_replace(): Passing null to parameter #3 ($subject) of type array|string is deprecated in /Users/tusharkaw/Downloads/GnosPedia/vendor/zordius/lightncandy/src/Partial.php on line 202
[25-Sep-2025 18:52:58 UTC] PHP Deprecated:  preg_replace(): Passing null to parameter #3 ($subject) of type array|string is deprecated in /Users/tusharkaw/Downloads/GnosPedia/vendor/zordius/lightncandy/src/Partial.php on line 202
[25-Sep-2025 18:52:58 UTC] PHP Deprecated:  preg_replace(): Passing null to parameter #3 ($subject) of type array|string is deprecated in /Users/tusharkaw/Downloads/GnosPedia/vendor/zordius/lightncandy/src/Partial.php on line 202
[25-Sep-2025 18:52:58 UTC] PHP Deprecated:  preg_replace(): Passing null to parameter #3 ($subject) of type array|string is deprecated in /Users/tusharkaw/Downloads/GnosPedia/vendor/zordius/lightncandy/src/Partial.php on line 202
[25-Sep-2025 18:52:58 UTC] PHP Deprecated:  preg_replace(): Passing null to parameter #3 ($subject) of type array|string is deprecated in /Users/tusharkaw/Downloads/GnosPedia/vendor/zordius/lightncandy/src/Partial.php on line 202
[25-Sep-2025 18:52:58 UTC] PHP Deprecated:  preg_replace(): Passing null to parameter #3 ($subject) of type array|string is deprecated in /Users/tusharkaw/Downloads/GnosPedia/vendor/zordius/lightncandy/src/Partial.php on line 202
[25-Sep-2025 18:52:58 UTC] PHP Deprecated:  preg_replace(): Passing null to parameter #3 ($subject) of type array|string is deprecated in /Users/tusharkaw/Downloads/GnosPedia/vendor/zordius/lightncandy/src/Partial.php on line 202
[25-Sep-2025 18:52:58 UTC] PHP Deprecated:  preg_replace(): Passing null to parameter #3 ($subject) of type array|string is deprecated in /Users/tusharkaw/Downloads/GnosPedia/vendor/zordius/lightncandy/src/Partial.php on line 202
[25-Sep-2025 18:52:58 UTC] PHP Deprecated:  preg_replace(): Passing null to parameter #3 ($subject) of type array|string is deprecated in /Users/tusharkaw/Downloads/GnosPedia/vendor/zordius/lightncandy/src/Partial.php on line 202
[25-Sep-2025 18:52:58 UTC] PHP Deprecated:  preg_replace(): Passing null to parameter #3 ($subject) of type array|string is deprecated in /Users/tusharkaw/Downloads/GnosPedia/vendor/zordius/lightncandy/src/Partial.php on line 202
[25-Sep-2025 18:52:58 UTC] PHP Deprecated:  preg_replace(): Passing null to parameter #3 ($subject) of type array|string is deprecated in /Users/tusharkaw/Downloads/GnosPedia/vendor/zordius/lightncandy/src/Partial.php on line 202
[25-Sep-2025 18:52:58 UTC] PHP Deprecated:  preg_replace(): Passing null to parameter #3 ($subject) of type array|string is deprecated in /Users/tusharkaw/Downloads/GnosPedia/vendor/zordius/lightncandy/src/Partial.php on line 202
[25-Sep-2025 18:52:58 UTC] PHP Deprecated:  preg_replace(): Passing null to parameter #3 ($subject) of type array|string is deprecated in /Users/tusharkaw/Downloads/GnosPedia/vendor/zordius/lightncandy/src/Partial.php on line 202
[25-Sep-2025 18:52:58 UTC] PHP Deprecated:  preg_replace(): Passing null to parameter #3 ($subject) of type array|string is deprecated in /Users/tusharkaw/Downloads/GnosPedia/vendor/zordius/lightncandy/src/Partial.php on line 202
[25-Sep-2025 18:52:58 UTC] PHP Deprecated:  preg_replace(): Passing null to parameter #3 ($subject) of type array|string is deprecated in /Users/tusharkaw/Downloads/GnosPedia/vendor/zordius/lightncandy/src/Partial.php on line 202
[25-Sep-2025 18:52:58 UTC] PHP Deprecated:  preg_replace(): Passing null to parameter #3 ($subject) of type array|string is deprecated in /Users/tusharkaw/Downloads/GnosPedia/vendor/zordius/lightncandy/src/Partial.php on line 202
[25-Sep-2025 18:52:58 UTC] PHP Deprecated:  preg_replace(): Passing null to parameter #3 ($subject) of type array|string is deprecated in /Users/tusharkaw/Downloads/GnosPedia/vendor/zordius/lightncandy/src/Partial.php on line 202
[25-Sep-2025 18:52:58 UTC] PHP Deprecated:  preg_replace(): Passing null to parameter #3 ($subject) of type array|string is deprecated in /Users/tusharkaw/Downloads/GnosPedia/vendor/zordius/lightncandy/src/Partial.php on line 202
[25-Sep-2025 18:52:58 UTC] PHP Deprecated:  preg_replace(): Passing null to parameter #3 ($subject) of type array|string is deprecated in /Users/tusharkaw/Downloads/GnosPedia/vendor/zordius/lightncandy/src/Partial.php on line 202
[25-Sep-2025 18:52:58 UTC] PHP Deprecated:  preg_replace(): Passing null to parameter #3 ($subject) of type array|string is deprecated in /Users/tusharkaw/Downloads/GnosPedia/vendor/zordius/lightncandy/src/Partial.php on line 202
[25-Sep-2025 18:52:58 UTC] PHP Deprecated:  preg_replace(): Passing null to parameter #3 ($subject) of type array|string is deprecated in /Users/tusharkaw/Downloads/GnosPedia/vendor/zordius/lightncandy/src/Partial.php on line 202
[25-Sep-2025 18:52:58 UTC] PHP Deprecated:  preg_replace(): Passing null to parameter #3 ($subject) of type array|string is deprecated in /Users/tusharkaw/Downloads/GnosPedia/vendor/zordius/lightncandy/src/Partial.php on line 202
[25-Sep-2025 18:52:58 UTC] PHP Deprecated:  preg_replace(): Passing null to parameter #3 ($subject) of type array|string is deprecated in /Users/tusharkaw/Downloads/GnosPedia/vendor/zordius/lightncandy/src/Partial.php on line 202
[25-Sep-2025 18:52:58 UTC] PHP Deprecated:  preg_replace(): Passing null to parameter #3 ($subject) of type array|string is deprecated in /Users/tusharkaw/Downloads/GnosPedia/vendor/zordius/lightncandy/src/Partial.php on line 202
[25-Sep-2025 18:52:58 UTC] PHP Deprecated:  preg_replace(): Passing null to parameter #3 ($subject) of type array|string is deprecated in /Users/tusharkaw/Downloads/GnosPedia/vendor/zordius/lightncandy/src/Partial.php on line 202
[25-Sep-2025 18:52:58 UTC] PHP Deprecated:  preg_replace(): Passing null to parameter #3 ($subject) of type array|string is deprecated in /Users/tusharkaw/Downloads/GnosPedia/vendor/zordius/lightncandy/src/Partial.php on line 202
[25-Sep-2025 18:52:58 UTC] PHP Deprecated:  preg_replace(): Passing null to parameter #3 ($subject) of type array|string is deprecated in /Users/tusharkaw/Downloads/GnosPedia/vendor/zordius/lightncandy/src/Partial.php on line 202
[25-Sep-2025 18:52:58 UTC] PHP Deprecated:  preg_replace(): Passing null to parameter #3 ($subject) of type array|string is deprecated in /Users/tusharkaw/Downloads/GnosPedia/vendor/zordius/lightncandy/src/Partial.php on line 202
[25-Sep-2025 18:52:58 UTC] PHP Deprecated:  preg_replace(): Passing null to parameter #3 ($subject) of type array|string is deprecated in /Users/tusharkaw/Downloads/GnosPedia/vendor/zordius/lightncandy/src/Partial.php on line 202
[26-Sep-2025 05:07:14 UTC] PHP Warning:  rename(/Users/tusharkaw/Downloads/GnosPedia/cache/managewiki/my_wiki.sqlite7ml4vi66oqrj5wv72a7,/Users/tusharkaw/Downloads/GnosPedia/cache/managewiki//Users/tusharkaw/Downloads/GnosPedia/db/my_wiki.sqlite.php): No such file or directory in /Users/tusharkaw/Downloads/GnosPedia/extensions/ManageWiki/includes/Helpers/DataStore.php on line 198
[26-Sep-2025 05:07:14 UTC] PHP Warning:  rename(/Users/tusharkaw/Downloads/GnosPedia/cache/managewiki/my_wiki.sqlitev5i2dhjv55fpeQOmfpA,/Users/tusharkaw/Downloads/GnosPedia/cache/managewiki//Users/tusharkaw/Downloads/GnosPedia/db/my_wiki.sqlite.php): No such file or directory in /Users/tusharkaw/Downloads/GnosPedia/extensions/ManageWiki/includes/Helpers/DataStore.php on line 198
[26-Sep-2025 06:33:30 UTC] PHP Fatal error:  Uncaught MediaWiki\Exception\MWException: Unable to determine IP. in /Users/tusharkaw/Downloads/GnosPedia/includes/Request/WebRequest.php:1305
Stack trace:
#0 /Users/tusharkaw/Downloads/GnosPedia/includes/Setup.php(467): MediaWiki\Request\WebRequest->getIP()
#1 /Users/tusharkaw/Downloads/GnosPedia/includes/Setup.php(475): {closure:/Users/tusharkaw/Downloads/GnosPedia/includes/Setup.php:458}()
#2 /Users/tusharkaw/Downloads/GnosPedia/includes/WebStart.php(86): require_once('/Users/tusharka...')
#3 Command line code(2): require_once('/Users/tusharka...')
#4 {main}
  thrown in /Users/tusharkaw/Downloads/GnosPedia/includes/Request/WebRequest.php on line 1305
[26-Sep-2025 06:43:36 UTC] PHP Notice:  tempnam(): file created in the system's temporary directory in /Users/tusharkaw/Downloads/GnosPedia/extensions/CreateWiki/includes/Services/CreateWikiDataStore.php on line 166
[26-Sep-2025 06:43:36 UTC] PHP Warning:  rename(/private/var/folders/ct/stlzy0fd1yjd68cn0v3njmq80000gn/T/databases89umecavacof9rqJgac,/Users/tusharkaw/Downloads/GnosPedia/cache/createwiki/databases.php): No such file or directory in /Users/tusharkaw/Downloads/GnosPedia/extensions/CreateWiki/includes/Services/CreateWikiDataStore.php on line 170
[26-Sep-2025 06:43:36 UTC] PHP Notice:  tempnam(): file created in the system's temporary directory in /Users/tusharkaw/Downloads/GnosPedia/extensions/ManageWiki/includes/Helpers/DataStore.php on line 194
[26-Sep-2025 06:43:36 UTC] PHP Warning:  rename(/private/var/folders/ct/stlzy0fd1yjd68cn0v3njmq80000gn/T/my_wikii1os29gbuoak0hWwEZB,/Users/tusharkaw/Downloads/GnosPedia/cache/managewiki/my_wiki.php): No such file or directory in /Users/tusharkaw/Downloads/GnosPedia/extensions/ManageWiki/includes/Helpers/DataStore.php on line 198
[26-Sep-2025 06:43:36 UTC] PHP Notice:  tempnam(): file created in the system's temporary directory in /Users/tusharkaw/Downloads/GnosPedia/extensions/ManageWiki/includes/Helpers/DataStore.php on line 194
[26-Sep-2025 06:43:36 UTC] PHP Warning:  rename(/private/var/folders/ct/stlzy0fd1yjd68cn0v3njmq80000gn/T/my_wiki6q3p1k85dqblf912nlq,/Users/tusharkaw/Downloads/GnosPedia/cache/managewiki/my_wiki.php): No such file or directory in /Users/tusharkaw/Downloads/GnosPedia/extensions/ManageWiki/includes/Helpers/DataStore.php on line 198
[26-Sep-2025 06:48:08 UTC] PHP Notice:  tempnam(): file created in the system's temporary directory in /Users/tusharkaw/Downloads/GnosPedia/extensions/CreateWiki/includes/Services/CreateWikiDataStore.php on line 166
[26-Sep-2025 06:48:08 UTC] PHP Warning:  rename(/private/var/folders/ct/stlzy0fd1yjd68cn0v3njmq80000gn/T/databasesc8q78rv2nair3tvUVsk,/Users/tusharkaw/Downloads/GnosPedia/cache/createwiki/databases.php): No such file or directory in /Users/tusharkaw/Downloads/GnosPedia/extensions/CreateWiki/includes/Services/CreateWikiDataStore.php on line 170
[26-Sep-2025 06:48:08 UTC] PHP Notice:  tempnam(): file created in the system's temporary directory in /Users/tusharkaw/Downloads/GnosPedia/extensions/ManageWiki/includes/Helpers/DataStore.php on line 194
[26-Sep-2025 06:48:08 UTC] PHP Warning:  rename(/private/var/folders/ct/stlzy0fd1yjd68cn0v3njmq80000gn/T/my_wiki324fhe2eep5p3awHhWS,/Users/tusharkaw/Downloads/GnosPedia/cache/managewiki/my_wiki.php): No such file or directory in /Users/tusharkaw/Downloads/GnosPedia/extensions/ManageWiki/includes/Helpers/DataStore.php on line 198
[26-Sep-2025 06:48:08 UTC] PHP Notice:  tempnam(): file created in the system's temporary directory in /Users/tusharkaw/Downloads/GnosPedia/extensions/ManageWiki/includes/Helpers/DataStore.php on line 194
[26-Sep-2025 06:48:08 UTC] PHP Warning:  rename(/private/var/folders/ct/stlzy0fd1yjd68cn0v3njmq80000gn/T/my_wiki1d7o0udv26a9ek7OA90,/Users/tusharkaw/Downloads/GnosPedia/cache/managewiki/my_wiki.php): No such file or directory in /Users/tusharkaw/Downloads/GnosPedia/extensions/ManageWiki/includes/Helpers/DataStore.php on line 198
[26-Sep-2025 06:48:14 UTC] PHP Notice:  tempnam(): file created in the system's temporary directory in /Users/tusharkaw/Downloads/GnosPedia/extensions/CreateWiki/includes/Services/CreateWikiDataStore.php on line 166
[26-Sep-2025 06:48:14 UTC] PHP Warning:  rename(/private/var/folders/ct/stlzy0fd1yjd68cn0v3njmq80000gn/T/databasesi1a7q4mphh8ofN9kru5,/Users/tusharkaw/Downloads/GnosPedia/cache/createwiki/databases.php): No such file or directory in /Users/tusharkaw/Downloads/GnosPedia/extensions/CreateWiki/includes/Services/CreateWikiDataStore.php on line 170
[26-Sep-2025 06:48:14 UTC] PHP Notice:  tempnam(): file created in the system's temporary directory in /Users/tusharkaw/Downloads/GnosPedia/extensions/ManageWiki/includes/Helpers/DataStore.php on line 194
[26-Sep-2025 06:48:14 UTC] PHP Warning:  rename(/private/var/folders/ct/stlzy0fd1yjd68cn0v3njmq80000gn/T/my_wikimiselp6qfg2vcJPEfR4,/Users/tusharkaw/Downloads/GnosPedia/cache/managewiki/my_wiki.php): No such file or directory in /Users/tusharkaw/Downloads/GnosPedia/extensions/ManageWiki/includes/Helpers/DataStore.php on line 198
[26-Sep-2025 06:48:14 UTC] PHP Notice:  tempnam(): file created in the system's temporary directory in /Users/tusharkaw/Downloads/GnosPedia/extensions/ManageWiki/includes/Helpers/DataStore.php on line 194
[26-Sep-2025 06:48:14 UTC] PHP Warning:  rename(/private/var/folders/ct/stlzy0fd1yjd68cn0v3njmq80000gn/T/my_wikilqap9hmnn4s1bcqcofe,/Users/tusharkaw/Downloads/GnosPedia/cache/managewiki/my_wiki.php): No such file or directory in /Users/tusharkaw/Downloads/GnosPedia/extensions/ManageWiki/includes/Helpers/DataStore.php on line 198
[26-Sep-2025 06:48:15 UTC] PHP Notice:  tempnam(): file created in the system's temporary directory in /Users/tusharkaw/Downloads/GnosPedia/extensions/CreateWiki/includes/Services/CreateWikiDataStore.php on line 166
[26-Sep-2025 06:48:15 UTC] PHP Warning:  rename(/private/var/folders/ct/stlzy0fd1yjd68cn0v3njmq80000gn/T/databasesqbirmbfiv6uafJdd4Kb,/Users/tusharkaw/Downloads/GnosPedia/cache/createwiki/databases.php): No such file or directory in /Users/tusharkaw/Downloads/GnosPedia/extensions/CreateWiki/includes/Services/CreateWikiDataStore.php on line 170
[26-Sep-2025 06:48:15 UTC] PHP Notice:  tempnam(): file created in the system's temporary directory in /Users/tusharkaw/Downloads/GnosPedia/extensions/ManageWiki/includes/Helpers/DataStore.php on line 194
[26-Sep-2025 06:48:15 UTC] PHP Warning:  rename(/private/var/folders/ct/stlzy0fd1yjd68cn0v3njmq80000gn/T/my_wikia4tk23jfm3vj8mz6VsR,/Users/tusharkaw/Downloads/GnosPedia/cache/managewiki/my_wiki.php): No such file or directory in /Users/tusharkaw/Downloads/GnosPedia/extensions/ManageWiki/includes/Helpers/DataStore.php on line 198
[26-Sep-2025 06:48:15 UTC] PHP Notice:  tempnam(): file created in the system's temporary directory in /Users/tusharkaw/Downloads/GnosPedia/extensions/ManageWiki/includes/Helpers/DataStore.php on line 194
[26-Sep-2025 06:48:15 UTC] PHP Warning:  rename(/private/var/folders/ct/stlzy0fd1yjd68cn0v3njmq80000gn/T/my_wiki2egi62t8nnqqct9UOLW,/Users/tusharkaw/Downloads/GnosPedia/cache/managewiki/my_wiki.php): No such file or directory in /Users/tusharkaw/Downloads/GnosPedia/extensions/ManageWiki/includes/Helpers/DataStore.php on line 198
[26-Sep-2025 06:48:19 UTC] PHP Notice:  tempnam(): file created in the system's temporary directory in /Users/tusharkaw/Downloads/GnosPedia/extensions/CreateWiki/includes/Services/CreateWikiDataStore.php on line 166
[26-Sep-2025 06:48:19 UTC] PHP Warning:  rename(/private/var/folders/ct/stlzy0fd1yjd68cn0v3njmq80000gn/T/databasesbbd2onpniqhtf1ZXdYT,/Users/tusharkaw/Downloads/GnosPedia/cache/createwiki/databases.php): No such file or directory in /Users/tusharkaw/Downloads/GnosPedia/extensions/CreateWiki/includes/Services/CreateWikiDataStore.php on line 170
[26-Sep-2025 06:48:19 UTC] PHP Notice:  tempnam(): file created in the system's temporary directory in /Users/tusharkaw/Downloads/GnosPedia/extensions/ManageWiki/includes/Helpers/DataStore.php on line 194
[26-Sep-2025 06:48:19 UTC] PHP Warning:  rename(/private/var/folders/ct/stlzy0fd1yjd68cn0v3njmq80000gn/T/my_wikihaskdrgo37ju7bgdl74,/Users/tusharkaw/Downloads/GnosPedia/cache/managewiki/my_wiki.php): No such file or directory in /Users/tusharkaw/Downloads/GnosPedia/extensions/ManageWiki/includes/Helpers/DataStore.php on line 198
[26-Sep-2025 06:48:19 UTC] PHP Notice:  tempnam(): file created in the system's temporary directory in /Users/tusharkaw/Downloads/GnosPedia/extensions/ManageWiki/includes/Helpers/DataStore.php on line 194
[26-Sep-2025 06:48:19 UTC] PHP Warning:  rename(/private/var/folders/ct/stlzy0fd1yjd68cn0v3njmq80000gn/T/my_wikigrhig3sv40qb6qMcves,/Users/tusharkaw/Downloads/GnosPedia/cache/managewiki/my_wiki.php): No such file or directory in /Users/tusharkaw/Downloads/GnosPedia/extensions/ManageWiki/includes/Helpers/DataStore.php on line 198
[26-Sep-2025 06:48:20 UTC] PHP Notice:  tempnam(): file created in the system's temporary directory in /Users/tusharkaw/Downloads/GnosPedia/extensions/CreateWiki/includes/Services/CreateWikiDataStore.php on line 166
[26-Sep-2025 06:48:20 UTC] PHP Warning:  rename(/private/var/folders/ct/stlzy0fd1yjd68cn0v3njmq80000gn/T/databasesslcjhiee36p7fdoDZlq,/Users/tusharkaw/Downloads/GnosPedia/cache/createwiki/databases.php): No such file or directory in /Users/tusharkaw/Downloads/GnosPedia/extensions/CreateWiki/includes/Services/CreateWikiDataStore.php on line 170
[26-Sep-2025 06:48:20 UTC] PHP Notice:  tempnam(): file created in the system's temporary directory in /Users/tusharkaw/Downloads/GnosPedia/extensions/ManageWiki/includes/Helpers/DataStore.php on line 194
[26-Sep-2025 06:48:20 UTC] PHP Warning:  rename(/private/var/folders/ct/stlzy0fd1yjd68cn0v3njmq80000gn/T/my_wikip3urprav1ffn2OaaTzv,/Users/tusharkaw/Downloads/GnosPedia/cache/managewiki/my_wiki.php): No such file or directory in /Users/tusharkaw/Downloads/GnosPedia/extensions/ManageWiki/includes/Helpers/DataStore.php on line 198
[26-Sep-2025 06:48:20 UTC] PHP Notice:  tempnam(): file created in the system's temporary directory in /Users/tusharkaw/Downloads/GnosPedia/extensions/ManageWiki/includes/Helpers/DataStore.php on line 194
[26-Sep-2025 06:48:20 UTC] PHP Warning:  rename(/private/var/folders/ct/stlzy0fd1yjd68cn0v3njmq80000gn/T/my_wikihfkbkhsgfi654ZCDMKy,/Users/tusharkaw/Downloads/GnosPedia/cache/managewiki/my_wiki.php): No such file or directory in /Users/tusharkaw/Downloads/GnosPedia/extensions/ManageWiki/includes/Helpers/DataStore.php on line 198
[26-Sep-2025 06:48:29 UTC] PHP Notice:  tempnam(): file created in the system's temporary directory in /Users/tusharkaw/Downloads/GnosPedia/extensions/CreateWiki/includes/Services/CreateWikiDataStore.php on line 166
[26-Sep-2025 06:48:29 UTC] PHP Warning:  rename(/private/var/folders/ct/stlzy0fd1yjd68cn0v3njmq80000gn/T/databasesh0ou4p1n3skubkpc2rE,/Users/tusharkaw/Downloads/GnosPedia/cache/createwiki/databases.php): No such file or directory in /Users/tusharkaw/Downloads/GnosPedia/extensions/CreateWiki/includes/Services/CreateWikiDataStore.php on line 170
[26-Sep-2025 06:48:29 UTC] PHP Notice:  tempnam(): file created in the system's temporary directory in /Users/tusharkaw/Downloads/GnosPedia/extensions/ManageWiki/includes/Helpers/DataStore.php on line 194
[26-Sep-2025 06:48:29 UTC] PHP Warning:  rename(/private/var/folders/ct/stlzy0fd1yjd68cn0v3njmq80000gn/T/my_wikioj2186ljm40d1XYQKhM,/Users/tusharkaw/Downloads/GnosPedia/cache/managewiki/my_wiki.php): No such file or directory in /Users/tusharkaw/Downloads/GnosPedia/extensions/ManageWiki/includes/Helpers/DataStore.php on line 198
[26-Sep-2025 06:48:29 UTC] PHP Notice:  tempnam(): file created in the system's temporary directory in /Users/tusharkaw/Downloads/GnosPedia/extensions/ManageWiki/includes/Helpers/DataStore.php on line 194
[26-Sep-2025 06:48:29 UTC] PHP Warning:  rename(/private/var/folders/ct/stlzy0fd1yjd68cn0v3njmq80000gn/T/my_wikijiocjjil6nuu9ikhofv,/Users/tusharkaw/Downloads/GnosPedia/cache/managewiki/my_wiki.php): No such file or directory in /Users/tusharkaw/Downloads/GnosPedia/extensions/ManageWiki/includes/Helpers/DataStore.php on line 198
[26-Sep-2025 06:48:30 UTC] PHP Notice:  tempnam(): file created in the system's temporary directory in /Users/tusharkaw/Downloads/GnosPedia/extensions/CreateWiki/includes/Services/CreateWikiDataStore.php on line 166
[26-Sep-2025 06:48:30 UTC] PHP Warning:  rename(/private/var/folders/ct/stlzy0fd1yjd68cn0v3njmq80000gn/T/databases8bc6595h4o3t81YaCsd,/Users/tusharkaw/Downloads/GnosPedia/cache/createwiki/databases.php): No such file or directory in /Users/tusharkaw/Downloads/GnosPedia/extensions/CreateWiki/includes/Services/CreateWikiDataStore.php on line 170
[26-Sep-2025 06:48:30 UTC] PHP Notice:  tempnam(): file created in the system's temporary directory in /Users/tusharkaw/Downloads/GnosPedia/extensions/ManageWiki/includes/Helpers/DataStore.php on line 194
[26-Sep-2025 06:48:30 UTC] PHP Warning:  rename(/private/var/folders/ct/stlzy0fd1yjd68cn0v3njmq80000gn/T/my_wikiap3ghfbdqja001mm7nz,/Users/tusharkaw/Downloads/GnosPedia/cache/managewiki/my_wiki.php): No such file or directory in /Users/tusharkaw/Downloads/GnosPedia/extensions/ManageWiki/includes/Helpers/DataStore.php on line 198
[26-Sep-2025 06:48:30 UTC] PHP Notice:  tempnam(): file created in the system's temporary directory in /Users/tusharkaw/Downloads/GnosPedia/extensions/ManageWiki/includes/Helpers/DataStore.php on line 194
[26-Sep-2025 06:48:30 UTC] PHP Warning:  rename(/private/var/folders/ct/stlzy0fd1yjd68cn0v3njmq80000gn/T/my_wiki527qgne1dgc22y2reXb,/Users/tusharkaw/Downloads/GnosPedia/cache/managewiki/my_wiki.php): No such file or directory in /Users/tusharkaw/Downloads/GnosPedia/extensions/ManageWiki/includes/Helpers/DataStore.php on line 198
[26-Sep-2025 06:48:35 UTC] PHP Notice:  tempnam(): file created in the system's temporary directory in /Users/tusharkaw/Downloads/GnosPedia/extensions/CreateWiki/includes/Services/CreateWikiDataStore.php on line 166
[26-Sep-2025 06:48:35 UTC] PHP Warning:  rename(/private/var/folders/ct/stlzy0fd1yjd68cn0v3njmq80000gn/T/databasesbmgqvckg0tr9exznzQB,/Users/tusharkaw/Downloads/GnosPedia/cache/createwiki/databases.php): No such file or directory in /Users/tusharkaw/Downloads/GnosPedia/extensions/CreateWiki/includes/Services/CreateWikiDataStore.php on line 170
[26-Sep-2025 06:48:35 UTC] PHP Notice:  tempnam(): file created in the system's temporary directory in /Users/tusharkaw/Downloads/GnosPedia/extensions/ManageWiki/includes/Helpers/DataStore.php on line 194
[26-Sep-2025 06:48:35 UTC] PHP Warning:  rename(/private/var/folders/ct/stlzy0fd1yjd68cn0v3njmq80000gn/T/my_wikipmgea9kni7fq35XFdJg,/Users/tusharkaw/Downloads/GnosPedia/cache/managewiki/my_wiki.php): No such file or directory in /Users/tusharkaw/Downloads/GnosPedia/extensions/ManageWiki/includes/Helpers/DataStore.php on line 198
[26-Sep-2025 06:48:35 UTC] PHP Notice:  tempnam(): file created in the system's temporary directory in /Users/tusharkaw/Downloads/GnosPedia/extensions/ManageWiki/includes/Helpers/DataStore.php on line 194
[26-Sep-2025 06:48:35 UTC] PHP Warning:  rename(/private/var/folders/ct/stlzy0fd1yjd68cn0v3njmq80000gn/T/my_wiki30afqv89nbet84flPmH,/Users/tusharkaw/Downloads/GnosPedia/cache/managewiki/my_wiki.php): No such file or directory in /Users/tusharkaw/Downloads/GnosPedia/extensions/ManageWiki/includes/Helpers/DataStore.php on line 198
[26-Sep-2025 06:48:44 UTC] PHP Notice:  tempnam(): file created in the system's temporary directory in /Users/tusharkaw/Downloads/GnosPedia/extensions/CreateWiki/includes/Services/CreateWikiDataStore.php on line 166
[26-Sep-2025 06:48:44 UTC] PHP Warning:  rename(/private/var/folders/ct/stlzy0fd1yjd68cn0v3njmq80000gn/T/databasesnks7i7ukrc7gd5QVRNq,/Users/tusharkaw/Downloads/GnosPedia/cache/createwiki/databases.php): No such file or directory in /Users/tusharkaw/Downloads/GnosPedia/extensions/CreateWiki/includes/Services/CreateWikiDataStore.php on line 170
[26-Sep-2025 06:48:44 UTC] PHP Notice:  tempnam(): file created in the system's temporary directory in /Users/tusharkaw/Downloads/GnosPedia/extensions/ManageWiki/includes/Helpers/DataStore.php on line 194
[26-Sep-2025 06:48:44 UTC] PHP Warning:  rename(/private/var/folders/ct/stlzy0fd1yjd68cn0v3njmq80000gn/T/my_wikii9htna5kqd250ZhF2ME,/Users/tusharkaw/Downloads/GnosPedia/cache/managewiki/my_wiki.php): No such file or directory in /Users/tusharkaw/Downloads/GnosPedia/extensions/ManageWiki/includes/Helpers/DataStore.php on line 198
[26-Sep-2025 06:48:44 UTC] PHP Notice:  tempnam(): file created in the system's temporary directory in /Users/tusharkaw/Downloads/GnosPedia/extensions/ManageWiki/includes/Helpers/DataStore.php on line 194
[26-Sep-2025 06:48:44 UTC] PHP Warning:  rename(/private/var/folders/ct/stlzy0fd1yjd68cn0v3njmq80000gn/T/my_wikij5bftjmvhdh16osYfwC,/Users/tusharkaw/Downloads/GnosPedia/cache/managewiki/my_wiki.php): No such file or directory in /Users/tusharkaw/Downloads/GnosPedia/extensions/ManageWiki/includes/Helpers/DataStore.php on line 198
[26-Sep-2025 06:48:44 UTC] PHP Notice:  tempnam(): file created in the system's temporary directory in /Users/tusharkaw/Downloads/GnosPedia/extensions/CreateWiki/includes/Services/CreateWikiDataStore.php on line 166
[26-Sep-2025 06:48:44 UTC] PHP Warning:  rename(/private/var/folders/ct/stlzy0fd1yjd68cn0v3njmq80000gn/T/databasesi3v4rpkp8ih450jDNyP,/Users/tusharkaw/Downloads/GnosPedia/cache/createwiki/databases.php): No such file or directory in /Users/tusharkaw/Downloads/GnosPedia/extensions/CreateWiki/includes/Services/CreateWikiDataStore.php on line 170
[26-Sep-2025 06:48:44 UTC] PHP Notice:  tempnam(): file created in the system's temporary directory in /Users/tusharkaw/Downloads/GnosPedia/extensions/ManageWiki/includes/Helpers/DataStore.php on line 194
[26-Sep-2025 06:48:44 UTC] PHP Warning:  rename(/private/var/folders/ct/stlzy0fd1yjd68cn0v3njmq80000gn/T/my_wiki7qtl6nna4veifve6A0d,/Users/tusharkaw/Downloads/GnosPedia/cache/managewiki/my_wiki.php): No such file or directory in /Users/tusharkaw/Downloads/GnosPedia/extensions/ManageWiki/includes/Helpers/DataStore.php on line 198
[26-Sep-2025 06:48:44 UTC] PHP Notice:  tempnam(): file created in the system's temporary directory in /Users/tusharkaw/Downloads/GnosPedia/extensions/ManageWiki/includes/Helpers/DataStore.php on line 194
[26-Sep-2025 06:48:44 UTC] PHP Warning:  rename(/private/var/folders/ct/stlzy0fd1yjd68cn0v3njmq80000gn/T/my_wikip1teuari02363tmlXK9,/Users/tusharkaw/Downloads/GnosPedia/cache/managewiki/my_wiki.php): No such file or directory in /Users/tusharkaw/Downloads/GnosPedia/extensions/ManageWiki/includes/Helpers/DataStore.php on line 198
[26-Sep-2025 06:48:45 UTC] PHP Notice:  tempnam(): file created in the system's temporary directory in /Users/tusharkaw/Downloads/GnosPedia/extensions/CreateWiki/includes/Services/CreateWikiDataStore.php on line 166
[26-Sep-2025 06:48:45 UTC] PHP Warning:  rename(/private/var/folders/ct/stlzy0fd1yjd68cn0v3njmq80000gn/T/databasesep9a5n6418l11VQdVdd,/Users/tusharkaw/Downloads/GnosPedia/cache/createwiki/databases.php): No such file or directory in /Users/tusharkaw/Downloads/GnosPedia/extensions/CreateWiki/includes/Services/CreateWikiDataStore.php on line 170
[26-Sep-2025 06:48:45 UTC] PHP Notice:  tempnam(): file created in the system's temporary directory in /Users/tusharkaw/Downloads/GnosPedia/extensions/ManageWiki/includes/Helpers/DataStore.php on line 194
[26-Sep-2025 06:48:45 UTC] PHP Warning:  rename(/private/var/folders/ct/stlzy0fd1yjd68cn0v3njmq80000gn/T/my_wikidjcb13ujju898Ea5lk6,/Users/tusharkaw/Downloads/GnosPedia/cache/managewiki/my_wiki.php): No such file or directory in /Users/tusharkaw/Downloads/GnosPedia/extensions/ManageWiki/includes/Helpers/DataStore.php on line 198
[26-Sep-2025 06:48:45 UTC] PHP Notice:  tempnam(): file created in the system's temporary directory in /Users/tusharkaw/Downloads/GnosPedia/extensions/ManageWiki/includes/Helpers/DataStore.php on line 194
[26-Sep-2025 06:48:45 UTC] PHP Warning:  rename(/private/var/folders/ct/stlzy0fd1yjd68cn0v3njmq80000gn/T/my_wikill3enlpe13pl9a58FNy,/Users/tusharkaw/Downloads/GnosPedia/cache/managewiki/my_wiki.php): No such file or directory in /Users/tusharkaw/Downloads/GnosPedia/extensions/ManageWiki/includes/Helpers/DataStore.php on line 198
[26-Sep-2025 06:48:45 UTC] PHP Notice:  tempnam(): file created in the system's temporary directory in /Users/tusharkaw/Downloads/GnosPedia/extensions/CreateWiki/includes/Services/CreateWikiDataStore.php on line 166
[26-Sep-2025 06:48:45 UTC] PHP Warning:  rename(/private/var/folders/ct/stlzy0fd1yjd68cn0v3njmq80000gn/T/databaseslg2fhkvdu9ie8CxwuPB,/Users/tusharkaw/Downloads/GnosPedia/cache/createwiki/databases.php): No such file or directory in /Users/tusharkaw/Downloads/GnosPedia/extensions/CreateWiki/includes/Services/CreateWikiDataStore.php on line 170
[26-Sep-2025 06:48:45 UTC] PHP Notice:  tempnam(): file created in the system's temporary directory in /Users/tusharkaw/Downloads/GnosPedia/extensions/ManageWiki/includes/Helpers/DataStore.php on line 194
[26-Sep-2025 06:48:45 UTC] PHP Warning:  rename(/private/var/folders/ct/stlzy0fd1yjd68cn0v3njmq80000gn/T/my_wikiei285pubh84d8yYtdyo,/Users/tusharkaw/Downloads/GnosPedia/cache/managewiki/my_wiki.php): No such file or directory in /Users/tusharkaw/Downloads/GnosPedia/extensions/ManageWiki/includes/Helpers/DataStore.php on line 198
[26-Sep-2025 06:48:45 UTC] PHP Notice:  tempnam(): file created in the system's temporary directory in /Users/tusharkaw/Downloads/GnosPedia/extensions/ManageWiki/includes/Helpers/DataStore.php on line 194
[26-Sep-2025 06:48:45 UTC] PHP Warning:  rename(/private/var/folders/ct/stlzy0fd1yjd68cn0v3njmq80000gn/T/my_wiki4nc67uu56fh44Y0mFS9,/Users/tusharkaw/Downloads/GnosPedia/cache/managewiki/my_wiki.php): No such file or directory in /Users/tusharkaw/Downloads/GnosPedia/extensions/ManageWiki/includes/Helpers/DataStore.php on line 198
[26-Sep-2025 07:34:55 UTC] PHP Notice:  tempnam(): file created in the system's temporary directory in /Users/tusharkaw/Downloads/GnosPedia/extensions/CreateWiki/includes/Services/CreateWikiDataStore.php on line 166
[26-Sep-2025 07:34:55 UTC] PHP Warning:  rename(/private/var/folders/ct/stlzy0fd1yjd68cn0v3njmq80000gn/T/databasesr5fcirk61u1fd9crxsO,/Users/tusharkaw/Downloads/GnosPedia/cache/createwiki/databases.php): No such file or directory in /Users/tusharkaw/Downloads/GnosPedia/extensions/CreateWiki/includes/Services/CreateWikiDataStore.php on line 170
[26-Sep-2025 07:34:55 UTC] PHP Notice:  tempnam(): file created in the system's temporary directory in /Users/tusharkaw/Downloads/GnosPedia/extensions/ManageWiki/includes/Helpers/DataStore.php on line 194
[26-Sep-2025 07:34:55 UTC] PHP Warning:  rename(/private/var/folders/ct/stlzy0fd1yjd68cn0v3njmq80000gn/T/my_wikiqlu93i1pu66kf7wbrk8,/Users/tusharkaw/Downloads/GnosPedia/cache/managewiki/my_wiki.php): No such file or directory in /Users/tusharkaw/Downloads/GnosPedia/extensions/ManageWiki/includes/Helpers/DataStore.php on line 198
[26-Sep-2025 07:34:55 UTC] PHP Notice:  tempnam(): file created in the system's temporary directory in /Users/tusharkaw/Downloads/GnosPedia/extensions/ManageWiki/includes/Helpers/DataStore.php on line 194
[26-Sep-2025 07:34:55 UTC] PHP Warning:  rename(/private/var/folders/ct/stlzy0fd1yjd68cn0v3njmq80000gn/T/my_wikiuo4ad8ortidt7BPcLnz,/Users/tusharkaw/Downloads/GnosPedia/cache/managewiki/my_wiki.php): No such file or directory in /Users/tusharkaw/Downloads/GnosPedia/extensions/ManageWiki/includes/Helpers/DataStore.php on line 198
[26-Sep-2025 07:34:55 UTC] PHP Notice:  tempnam(): file created in the system's temporary directory in /Users/tusharkaw/Downloads/GnosPedia/extensions/CreateWiki/includes/Services/CreateWikiDataStore.php on line 166
[26-Sep-2025 07:34:55 UTC] PHP Warning:  rename(/private/var/folders/ct/stlzy0fd1yjd68cn0v3njmq80000gn/T/databasesq9pum66g8pjtadVi9Kh,/Users/tusharkaw/Downloads/GnosPedia/cache/createwiki/databases.php): No such file or directory in /Users/tusharkaw/Downloads/GnosPedia/extensions/CreateWiki/includes/Services/CreateWikiDataStore.php on line 170
[26-Sep-2025 07:34:55 UTC] PHP Notice:  tempnam(): file created in the system's temporary directory in /Users/tusharkaw/Downloads/GnosPedia/extensions/ManageWiki/includes/Helpers/DataStore.php on line 194
[26-Sep-2025 07:34:55 UTC] PHP Warning:  rename(/private/var/folders/ct/stlzy0fd1yjd68cn0v3njmq80000gn/T/my_wiki5pbv64uvd6fu2WeRoas,/Users/tusharkaw/Downloads/GnosPedia/cache/managewiki/my_wiki.php): No such file or directory in /Users/tusharkaw/Downloads/GnosPedia/extensions/ManageWiki/includes/Helpers/DataStore.php on line 198
[26-Sep-2025 07:34:55 UTC] PHP Notice:  tempnam(): file created in the system's temporary directory in /Users/tusharkaw/Downloads/GnosPedia/extensions/ManageWiki/includes/Helpers/DataStore.php on line 194
[26-Sep-2025 07:34:55 UTC] PHP Warning:  rename(/private/var/folders/ct/stlzy0fd1yjd68cn0v3njmq80000gn/T/my_wiki9o64gff9776i2tcJmCy,/Users/tusharkaw/Downloads/GnosPedia/cache/managewiki/my_wiki.php): No such file or directory in /Users/tusharkaw/Downloads/GnosPedia/extensions/ManageWiki/includes/Helpers/DataStore.php on line 198
[26-Sep-2025 07:34:57 UTC] PHP Notice:  tempnam(): file created in the system's temporary directory in /Users/tusharkaw/Downloads/GnosPedia/extensions/CreateWiki/includes/Services/CreateWikiDataStore.php on line 166
[26-Sep-2025 07:34:57 UTC] PHP Warning:  rename(/private/var/folders/ct/stlzy0fd1yjd68cn0v3njmq80000gn/T/databasesvjpjts9icv1b8kIpSG4,/Users/tusharkaw/Downloads/GnosPedia/cache/createwiki/databases.php): No such file or directory in /Users/tusharkaw/Downloads/GnosPedia/extensions/CreateWiki/includes/Services/CreateWikiDataStore.php on line 170
[26-Sep-2025 07:34:57 UTC] PHP Notice:  tempnam(): file created in the system's temporary directory in /Users/tusharkaw/Downloads/GnosPedia/extensions/ManageWiki/includes/Helpers/DataStore.php on line 194
[26-Sep-2025 07:34:57 UTC] PHP Warning:  rename(/private/var/folders/ct/stlzy0fd1yjd68cn0v3njmq80000gn/T/my_wikimhuesa4veb2h0CQ6sYz,/Users/tusharkaw/Downloads/GnosPedia/cache/managewiki/my_wiki.php): No such file or directory in /Users/tusharkaw/Downloads/GnosPedia/extensions/ManageWiki/includes/Helpers/DataStore.php on line 198
[26-Sep-2025 07:34:57 UTC] PHP Notice:  tempnam(): file created in the system's temporary directory in /Users/tusharkaw/Downloads/GnosPedia/extensions/ManageWiki/includes/Helpers/DataStore.php on line 194
[26-Sep-2025 07:34:57 UTC] PHP Warning:  rename(/private/var/folders/ct/stlzy0fd1yjd68cn0v3njmq80000gn/T/my_wiki6r2ts643rsdr1eVo5Ev,/Users/tusharkaw/Downloads/GnosPedia/cache/managewiki/my_wiki.php): No such file or directory in /Users/tusharkaw/Downloads/GnosPedia/extensions/ManageWiki/includes/Helpers/DataStore.php on line 198
[26-Sep-2025 07:34:58 UTC] PHP Notice:  tempnam(): file created in the system's temporary directory in /Users/tusharkaw/Downloads/GnosPedia/extensions/CreateWiki/includes/Services/CreateWikiDataStore.php on line 166
[26-Sep-2025 07:34:58 UTC] PHP Warning:  rename(/private/var/folders/ct/stlzy0fd1yjd68cn0v3njmq80000gn/T/databasescmb3jpkt4vo4dUqcUo0,/Users/tusharkaw/Downloads/GnosPedia/cache/createwiki/databases.php): No such file or directory in /Users/tusharkaw/Downloads/GnosPedia/extensions/CreateWiki/includes/Services/CreateWikiDataStore.php on line 170
[26-Sep-2025 07:34:58 UTC] PHP Notice:  tempnam(): file created in the system's temporary directory in /Users/tusharkaw/Downloads/GnosPedia/extensions/ManageWiki/includes/Helpers/DataStore.php on line 194
[26-Sep-2025 07:34:58 UTC] PHP Warning:  rename(/private/var/folders/ct/stlzy0fd1yjd68cn0v3njmq80000gn/T/my_wikimuosl6qm2s047h7YrGf,/Users/tusharkaw/Downloads/GnosPedia/cache/managewiki/my_wiki.php): No such file or directory in /Users/tusharkaw/Downloads/GnosPedia/extensions/ManageWiki/includes/Helpers/DataStore.php on line 198
[26-Sep-2025 07:34:58 UTC] PHP Notice:  tempnam(): file created in the system's temporary directory in /Users/tusharkaw/Downloads/GnosPedia/extensions/ManageWiki/includes/Helpers/DataStore.php on line 194
[26-Sep-2025 07:34:58 UTC] PHP Warning:  rename(/private/var/folders/ct/stlzy0fd1yjd68cn0v3njmq80000gn/T/my_wikikhldbbqglnm535W30la,/Users/tusharkaw/Downloads/GnosPedia/cache/managewiki/my_wiki.php): No such file or directory in /Users/tusharkaw/Downloads/GnosPedia/extensions/ManageWiki/includes/Helpers/DataStore.php on line 198
[26-Sep-2025 07:34:59 UTC] PHP Notice:  tempnam(): file created in the system's temporary directory in /Users/tusharkaw/Downloads/GnosPedia/extensions/CreateWiki/includes/Services/CreateWikiDataStore.php on line 166
[26-Sep-2025 07:34:59 UTC] PHP Warning:  rename(/private/var/folders/ct/stlzy0fd1yjd68cn0v3njmq80000gn/T/databasesmcjpk785aceh1yS8olF,/Users/tusharkaw/Downloads/GnosPedia/cache/createwiki/databases.php): No such file or directory in /Users/tusharkaw/Downloads/GnosPedia/extensions/CreateWiki/includes/Services/CreateWikiDataStore.php on line 170
[26-Sep-2025 07:34:59 UTC] PHP Notice:  tempnam(): file created in the system's temporary directory in /Users/tusharkaw/Downloads/GnosPedia/extensions/ManageWiki/includes/Helpers/DataStore.php on line 194
[26-Sep-2025 07:34:59 UTC] PHP Warning:  rename(/private/var/folders/ct/stlzy0fd1yjd68cn0v3njmq80000gn/T/my_wikigg3b436t9kn4495rCcK,/Users/tusharkaw/Downloads/GnosPedia/cache/managewiki/my_wiki.php): No such file or directory in /Users/tusharkaw/Downloads/GnosPedia/extensions/ManageWiki/includes/Helpers/DataStore.php on line 198
[26-Sep-2025 07:34:59 UTC] PHP Notice:  tempnam(): file created in the system's temporary directory in /Users/tusharkaw/Downloads/GnosPedia/extensions/ManageWiki/includes/Helpers/DataStore.php on line 194
[26-Sep-2025 07:34:59 UTC] PHP Warning:  rename(/private/var/folders/ct/stlzy0fd1yjd68cn0v3njmq80000gn/T/my_wikig148rs1ruiot5kpBRak,/Users/tusharkaw/Downloads/GnosPedia/cache/managewiki/my_wiki.php): No such file or directory in /Users/tusharkaw/Downloads/GnosPedia/extensions/ManageWiki/includes/Helpers/DataStore.php on line 198
[26-Sep-2025 07:35:02 UTC] PHP Notice:  tempnam(): file created in the system's temporary directory in /Users/tusharkaw/Downloads/GnosPedia/extensions/CreateWiki/includes/Services/CreateWikiDataStore.php on line 166
[26-Sep-2025 07:35:02 UTC] PHP Warning:  rename(/private/var/folders/ct/stlzy0fd1yjd68cn0v3njmq80000gn/T/databases7sau61tavftfa5lmPQ8,/Users/tusharkaw/Downloads/GnosPedia/cache/createwiki/databases.php): No such file or directory in /Users/tusharkaw/Downloads/GnosPedia/extensions/CreateWiki/includes/Services/CreateWikiDataStore.php on line 170
[26-Sep-2025 07:35:02 UTC] PHP Notice:  tempnam(): file created in the system's temporary directory in /Users/tusharkaw/Downloads/GnosPedia/extensions/ManageWiki/includes/Helpers/DataStore.php on line 194
[26-Sep-2025 07:35:02 UTC] PHP Warning:  rename(/private/var/folders/ct/stlzy0fd1yjd68cn0v3njmq80000gn/T/my_wikidigeevnf8k4i2xHAbTx,/Users/tusharkaw/Downloads/GnosPedia/cache/managewiki/my_wiki.php): No such file or directory in /Users/tusharkaw/Downloads/GnosPedia/extensions/ManageWiki/includes/Helpers/DataStore.php on line 198
[26-Sep-2025 07:35:02 UTC] PHP Notice:  tempnam(): file created in the system's temporary directory in /Users/tusharkaw/Downloads/GnosPedia/extensions/ManageWiki/includes/Helpers/DataStore.php on line 194
[26-Sep-2025 07:35:02 UTC] PHP Warning:  rename(/private/var/folders/ct/stlzy0fd1yjd68cn0v3njmq80000gn/T/my_wiki8egiqgg8g7c20CP8d9Y,/Users/tusharkaw/Downloads/GnosPedia/cache/managewiki/my_wiki.php): No such file or directory in /Users/tusharkaw/Downloads/GnosPedia/extensions/ManageWiki/includes/Helpers/DataStore.php on line 198
[26-Sep-2025 07:35:02 UTC] PHP Notice:  tempnam(): file created in the system's temporary directory in /Users/tusharkaw/Downloads/GnosPedia/extensions/CreateWiki/includes/Services/CreateWikiDataStore.php on line 166
[26-Sep-2025 07:35:02 UTC] PHP Warning:  rename(/private/var/folders/ct/stlzy0fd1yjd68cn0v3njmq80000gn/T/databasesgm9j02jupjel22OwrMp,/Users/tusharkaw/Downloads/GnosPedia/cache/createwiki/databases.php): No such file or directory in /Users/tusharkaw/Downloads/GnosPedia/extensions/CreateWiki/includes/Services/CreateWikiDataStore.php on line 170
[26-Sep-2025 07:35:02 UTC] PHP Notice:  tempnam(): file created in the system's temporary directory in /Users/tusharkaw/Downloads/GnosPedia/extensions/ManageWiki/includes/Helpers/DataStore.php on line 194
[26-Sep-2025 07:35:02 UTC] PHP Warning:  rename(/private/var/folders/ct/stlzy0fd1yjd68cn0v3njmq80000gn/T/my_wikio2d19gd56qfpcrYXU2B,/Users/tusharkaw/Downloads/GnosPedia/cache/managewiki/my_wiki.php): No such file or directory in /Users/tusharkaw/Downloads/GnosPedia/extensions/ManageWiki/includes/Helpers/DataStore.php on line 198
[26-Sep-2025 07:35:02 UTC] PHP Notice:  tempnam(): file created in the system's temporary directory in /Users/tusharkaw/Downloads/GnosPedia/extensions/ManageWiki/includes/Helpers/DataStore.php on line 194
[26-Sep-2025 07:35:02 UTC] PHP Warning:  rename(/private/var/folders/ct/stlzy0fd1yjd68cn0v3njmq80000gn/T/my_wikis5rh326v8uldbE37ROc,/Users/tusharkaw/Downloads/GnosPedia/cache/managewiki/my_wiki.php): No such file or directory in /Users/tusharkaw/Downloads/GnosPedia/extensions/ManageWiki/includes/Helpers/DataStore.php on line 198
